Brand,Keyword,Country,Tier,Volume_Google,Volume_Ahrefs,Trend_Percent,My_Sites,Total_Volume
0X casino,0X casino,AR,Tier3,0,0,0,0,0
0X casino,0X casino,BR,Tier3,0,0,0,0,0
0X casino,0X casino,CZ,Tier2,0,10,0,0,10
0X casino,0X casino,DK,Tier1,0,0,0,0,0
0X casino,0X casino,ES,Tier1,0,0,0,0,0
0X casino,0X casino,FR,Tier2,0,10,0,0,10
0X casino,0X casino,GB,Tier1,0,300,0,0,300
0X casino,0X casino,HU,Tier2,0,0,0,0,0
0X casino,0X casino,IN,Tier3,0,0,0,0,0
0X casino,0X casino,IT,Tier1,0,40,0,0,40
0X casino,0X casino,JP,Tier2,0,0,0,0,0
0X casino,0X casino,MX,Tier3,0,0,0,0,0
0X casino,0X casino,NL,Tier1,0,150,0,0,150
0X casino,0X casino,PL,Tier2,0,0,0,0,0
0X casino,0X casino,UZ,Tier3,0,0,0,0,0
0X casino,0Xcasino,AR,Tier3,0,0,0,0,0
0X casino,0Xcasino,BR,Tier3,0,0,0,0,0
0X casino,0Xcasino,CZ,Tier2,0,0,0,0,0
0X casino,0Xcasino,DK,Tier1,0,0,0,0,0
0X casino,0Xcasino,ES,Tier1,0,0,0,0,0
0X casino,0Xcasino,FR,Tier2,0,0,0,0,0
0X casino,0Xcasino,GB,Tier1,0,0,0,0,0
0X casino,0Xcasino,HU,Tier2,0,0,0,0,0
0X casino,0Xcasino,IN,Tier3,0,0,0,0,0
0X casino,0Xcasino,IT,Tier1,0,0,0,0,0
0X casino,0Xcasino,JP,Tier2,0,0,0,0,0
0X casino,0Xcasino,MX,Tier3,0,0,0,0,0
0X casino,0Xcasino,NL,Tier1,0,0,0,0,0
0X casino,0Xcasino,PL,Tier2,0,0,0,0,0
0X casino,0Xcasino,UZ,Tier3,0,0,0,0,0
10 bet,10 bet,AR,Tier3,20,20,100,0,40
10 bet,10 bet,BR,Tier3,6600,2100,-33,0,8700
10 bet,10 bet,CZ,Tier2,10,10,0,0,20
10 bet,10 bet,DK,Tier1,10,0,0,0,10
10 bet,10 bet,ES,Tier1,110,50,267,0,160
10 bet,10 bet,FR,Tier2,10,50,-67,0,60
10 bet,10 bet,GB,Tier1,9900,4400,0,0,14300
10 bet,10 bet,HU,Tier2,10,10,0,0,20
10 bet,10 bet,IN,Tier3,90,150,-18,0,240
10 bet,10 bet,IT,Tier1,20,30,100,0,50
10 bet,10 bet,JP,Tier2,10,10,0,0,20
10 bet,10 bet,MX,Tier3,3600,2400,24,0,6000
10 bet,10 bet,NL,Tier1,10,20,0,0,30
10 bet,10 bet,PL,Tier2,10,10,0,0,20
10 bet,10 bet,UZ,Tier3,70,10,600,0,80
10 bet,10 bet casino,AR,Tier3,40,10,100,0,50
10 bet,10 bet casino,BR,Tier3,6600,450,83,0,7050
10 bet,10 bet casino,CZ,Tier2,90,0,800,0,90
10 bet,10 bet casino,DK,Tier1,10,0,0,0,10
10 bet,10 bet casino,ES,Tier1,260,20,1200,0,280
10 bet,10 bet casino,FR,Tier2,10,0,0,0,10
10 bet,10 bet casino,GB,Tier1,3600,700,0,0,4300
10 bet,10 bet casino,HU,Tier2,10,0,0,0,10
10 bet,10 bet casino,IN,Tier3,50,30,-29,0,80
10 bet,10 bet casino,IT,Tier1,10,10,0,0,20
10 bet,10 bet casino,JP,Tier2,10,0,0,0,10
10 bet,10 bet casino,MX,Tier3,1900,250,0,0,2150
10 bet,10 bet casino,NL,Tier1,20,20,100,0,40
10 bet,10 bet casino,PL,Tier2,10,0,0,0,10
10 bet,10 bet casino,UZ,Tier3,10,0,0,0,10
10 bet,10bet,AR,Tier3,170,150,21,0,320
10 bet,10bet,BR,Tier3,60500,35000,-33,0,95500
10 bet,10bet,CZ,Tier2,50,50,25,0,100
10 bet,10bet,DK,Tier1,30,40,-40,0,70
10 bet,10bet,ES,Tier1,480,300,0,0,780
10 bet,10bet,FR,Tier2,170,200,55,0,370
10 bet,10bet,GB,Tier1,60500,32000,22,0,92500
10 bet,10bet,HU,Tier2,40,60,0,0,100
10 bet,10bet,IN,Tier3,1900,2400,19,0,4300
10 bet,10bet,IT,Tier1,210,100,50,0,310
10 bet,10bet,JP,Tier2,590,4200,0,0,4790
10 bet,10bet,MX,Tier3,9900,6600,0,0,16500
10 bet,10bet,NL,Tier1,140,30,0,0,170
10 bet,10bet,PL,Tier2,170,40,21,0,210
10 bet,10bet,UZ,Tier3,40,30,300,0,70
10 bet,10bet casino,AR,Tier3,0,30,0,0,30
10 bet,10bet casino,BR,Tier3,0,3800,0,0,3800
10 bet,10bet casino,CZ,Tier2,0,30,0,0,30
10 bet,10bet casino,DK,Tier1,0,0,0,0,0
10 bet,10bet casino,ES,Tier1,0,40,0,0,40
10 bet,10bet casino,FR,Tier2,0,20,0,0,20
10 bet,10bet casino,GB,Tier1,0,2100,0,0,2100
10 bet,10bet casino,HU,Tier2,0,10,0,0,10
10 bet,10bet casino,IN,Tier3,0,150,0,0,150
10 bet,10bet casino,IT,Tier1,0,30,0,0,30
10 bet,10bet casino,JP,Tier2,0,10,0,0,10
10 bet,10bet casino,MX,Tier3,0,1100,0,0,1100
10 bet,10bet casino,NL,Tier1,0,30,0,0,30
10 bet,10bet casino,PL,Tier2,0,20,0,0,20
10 bet,10bet casino,UZ,Tier3,0,10,0,0,10
100pudov casino,100pudov casino,AR,Tier3,0,0,0,0,0
100pudov casino,100pudov casino,BR,Tier3,0,0,0,0,0
100pudov casino,100pudov casino,CZ,Tier2,0,0,0,0,0
100pudov casino,100pudov casino,DK,Tier1,0,0,0,0,0
100pudov casino,100pudov casino,ES,Tier1,0,0,0,0,0
100pudov casino,100pudov casino,FR,Tier2,0,0,0,0,0
100pudov casino,100pudov casino,GB,Tier1,0,0,-100,0,0
100pudov casino,100pudov casino,HU,Tier2,0,0,0,0,0
100pudov casino,100pudov casino,IN,Tier3,0,0,0,0,0
100pudov casino,100pudov casino,IT,Tier1,0,0,0,0,0
100pudov casino,100pudov casino,JP,Tier2,0,0,0,0,0
100pudov casino,100pudov casino,MX,Tier3,0,0,0,0,0
100pudov casino,100pudov casino,NL,Tier1,0,0,0,0,0
100pudov casino,100pudov casino,PL,Tier2,0,0,0,0,0
100pudov casino,100pudov casino,UZ,Tier3,0,0,0,0,0
100pudov casino,100pudovcasino,AR,Tier3,0,0,0,0,0
100pudov casino,100pudovcasino,BR,Tier3,0,0,0,0,0
100pudov casino,100pudovcasino,CZ,Tier2,0,0,0,0,0
100pudov casino,100pudovcasino,DK,Tier1,0,0,0,0,0
100pudov casino,100pudovcasino,ES,Tier1,0,0,0,0,0
100pudov casino,100pudovcasino,FR,Tier2,0,0,0,0,0
100pudov casino,100pudovcasino,GB,Tier1,0,0,0,0,0
100pudov casino,100pudovcasino,HU,Tier2,0,0,0,0,0
100pudov casino,100pudovcasino,IN,Tier3,0,0,0,0,0
100pudov casino,100pudovcasino,IT,Tier1,0,0,0,0,0
100pudov casino,100pudovcasino,JP,Tier2,0,0,0,0,0
100pudov casino,100pudovcasino,MX,Tier3,0,0,0,0,0
100pudov casino,100pudovcasino,NL,Tier1,0,0,0,0,0
100pudov casino,100pudovcasino,PL,Tier2,0,0,0,0,0
100pudov casino,100pudovcasino,UZ,Tier3,0,0,0,0,0
10CRIC,10 CRIC,AR,Tier3,0,0,0,0,0
10CRIC,10 CRIC,BR,Tier3,70,40,-22,0,110
10CRIC,10 CRIC,CZ,Tier2,10,0,0,0,10
10CRIC,10 CRIC,DK,Tier1,10,0,0,0,10
10CRIC,10 CRIC,ES,Tier1,10,10,0,0,20
10CRIC,10 CRIC,FR,Tier2,10,10,0,0,20
10CRIC,10 CRIC,GB,Tier1,30,30,50,0,60
10CRIC,10 CRIC,HU,Tier2,0,0,0,0,0
10CRIC,10 CRIC,IN,Tier3,33100,13000,49,0,46100
10CRIC,10 CRIC,IT,Tier1,10,0,0,0,10
10CRIC,10 CRIC,JP,Tier2,10,0,0,0,10
10CRIC,10 CRIC,MX,Tier3,0,0,0,0,0
10CRIC,10 CRIC,NL,Tier1,10,10,0,0,20
10CRIC,10 CRIC,PL,Tier2,10,0,0,0,10
10CRIC,10 CRIC,UZ,Tier3,0,0,0,0,0
10CRIC,10 CRIC casino,AR,Tier3,0,0,-100,0,0
10CRIC,10 CRIC casino,BR,Tier3,0,10,-100,0,10
10CRIC,10 CRIC casino,CZ,Tier2,10,0,0,0,10
10CRIC,10 CRIC casino,DK,Tier1,0,0,0,0,0
10CRIC,10 CRIC casino,ES,Tier1,10,0,0,0,10
10CRIC,10 CRIC casino,FR,Tier2,0,0,0,0,0
10CRIC,10 CRIC casino,GB,Tier1,10,0,0,0,10
10CRIC,10 CRIC casino,HU,Tier2,0,0,0,0,0
10CRIC,10 CRIC casino,IN,Tier3,720,50,-55,0,770
10CRIC,10 CRIC casino,IT,Tier1,10,0,0,0,10
10CRIC,10 CRIC casino,JP,Tier2,0,0,-100,0,0
10CRIC,10 CRIC casino,MX,Tier3,0,0,0,0,0
10CRIC,10 CRIC casino,NL,Tier1,10,0,0,0,10
10CRIC,10 CRIC casino,PL,Tier2,10,0,0,0,10
10CRIC,10 CRIC casino,UZ,Tier3,0,0,0,0,0
10CRIC,10CRIC,AR,Tier3,10,20,0,0,30
10CRIC,10CRIC,BR,Tier3,30,150,-25,0,180
10CRIC,10CRIC,CZ,Tier2,70,30,250,0,100
10CRIC,10CRIC,DK,Tier1,10,0,0,0,10
10CRIC,10CRIC,ES,Tier1,20,20,100,0,40
10CRIC,10CRIC,FR,Tier2,30,30,50,0,60
10CRIC,10CRIC,GB,Tier1,170,200,55,0,370
10CRIC,10CRIC,HU,Tier2,10,10,0,0,20
10CRIC,10CRIC,IN,Tier3,135000,165000,-55,0,300000
10CRIC,10CRIC,IT,Tier1,10,20,-50,0,30
10CRIC,10CRIC,JP,Tier2,40,40,300,0,80
10CRIC,10CRIC,MX,Tier3,10,10,0,0,20
10CRIC,10CRIC,NL,Tier1,30,50,-40,0,80
10CRIC,10CRIC,PL,Tier2,20,20,100,0,40
10CRIC,10CRIC,UZ,Tier3,10,0,0,0,10
10CRIC,10CRIC casino,AR,Tier3,0,10,-100,0,10
10CRIC,10CRIC casino,BR,Tier3,0,60,-100,0,60
10CRIC,10CRIC casino,CZ,Tier2,10,0,0,0,10
10CRIC,10CRIC casino,DK,Tier1,0,0,0,0,0
10CRIC,10CRIC casino,ES,Tier1,10,10,0,0,20
10CRIC,10CRIC casino,FR,Tier2,0,10,0,0,10
10CRIC,10CRIC casino,GB,Tier1,10,40,0,0,50
10CRIC,10CRIC casino,HU,Tier2,0,0,0,0,0
10CRIC,10CRIC casino,IN,Tier3,720,800,-55,0,1520
10CRIC,10CRIC casino,IT,Tier1,10,10,0,0,20
10CRIC,10CRIC casino,JP,Tier2,0,0,-100,0,0
10CRIC,10CRIC casino,MX,Tier3,0,10,0,0,10
10CRIC,10CRIC casino,NL,Tier1,10,10,0,0,20
10CRIC,10CRIC casino,PL,Tier2,10,0,0,0,10
10CRIC,10CRIC casino,UZ,Tier3,0,0,0,0,0
11 winner,11 winner,AR,Tier3,0,0,-100,0,0
11 winner,11 winner,BR,Tier3,30,30,-25,0,60
11 winner,11 winner,CZ,Tier2,10,0,0,0,10
11 winner,11 winner,DK,Tier1,0,0,-100,0,0
11 winner,11 winner,ES,Tier1,10,0,0,0,10
11 winner,11 winner,FR,Tier2,10,10,-50,0,20
11 winner,11 winner,GB,Tier1,10,10,-67,0,20
11 winner,11 winner,HU,Tier2,0,0,0,0,0
11 winner,11 winner,IN,Tier3,135000,85000,-63,0,220000
11 winner,11 winner,IT,Tier1,10,0,0,0,10
11 winner,11 winner,JP,Tier2,10,0,0,0,10
11 winner,11 winner,MX,Tier3,0,0,-100,0,0
11 winner,11 winner,NL,Tier1,20,0,-33,0,20
11 winner,11 winner,PL,Tier2,10,0,0,0,10
11 winner,11 winner,UZ,Tier3,10,0,0,0,10
11 winner,11 winner casino,AR,Tier3,0,0,0,0,0
11 winner,11 winner casino,BR,Tier3,0,10,-100,0,10
11 winner,11 winner casino,CZ,Tier2,0,0,0,0,0
11 winner,11 winner casino,DK,Tier1,0,0,0,0,0
11 winner,11 winner casino,ES,Tier1,0,0,0,0,0
11 winner,11 winner casino,FR,Tier2,0,0,0,0,0
11 winner,11 winner casino,GB,Tier1,0,10,0,0,10
11 winner,11 winner casino,HU,Tier2,0,0,0,0,0
11 winner,11 winner casino,IN,Tier3,1600,6500,-33,0,8100
11 winner,11 winner casino,IT,Tier1,0,0,0,0,0
11 winner,11 winner casino,JP,Tier2,0,0,0,0,0
11 winner,11 winner casino,MX,Tier3,0,0,0,0,0
11 winner,11 winner casino,NL,Tier1,0,0,0,0,0
11 winner,11 winner casino,PL,Tier2,10,0,0,0,10
11 winner,11 winner casino,UZ,Tier3,0,0,0,0,0
11 winner,11winner,AR,Tier3,0,0,0,0,0
11 winner,11winner,BR,Tier3,0,30,0,0,30
11 winner,11winner,CZ,Tier2,0,0,0,0,0
11 winner,11winner,DK,Tier1,0,0,0,0,0
11 winner,11winner,ES,Tier1,0,0,0,0,0
11 winner,11winner,FR,Tier2,0,0,0,0,0
11 winner,11winner,GB,Tier1,0,10,0,0,10
11 winner,11winner,HU,Tier2,0,0,0,0,0
11 winner,11winner,IN,Tier3,0,9700,0,0,9700
11 winner,11winner,IT,Tier1,0,0,0,0,0
11 winner,11winner,JP,Tier2,0,0,0,0,0
11 winner,11winner,MX,Tier3,0,0,0,0,0
11 winner,11winner,NL,Tier1,0,0,0,0,0
11 winner,11winner,PL,Tier2,0,0,0,0,0
11 winner,11winner,UZ,Tier3,0,0,0,0,0
11 winner,11winner casino,AR,Tier3,0,0,0,0,0
11 winner,11winner casino,BR,Tier3,0,20,0,0,20
11 winner,11winner casino,CZ,Tier2,0,0,0,0,0
11 winner,11winner casino,DK,Tier1,0,0,0,0,0
11 winner,11winner casino,ES,Tier1,0,0,0,0,0
11 winner,11winner casino,FR,Tier2,0,0,0,0,0
11 winner,11winner casino,GB,Tier1,0,0,0,0,0
11 winner,11winner casino,HU,Tier2,0,0,0,0,0
11 winner,11winner casino,IN,Tier3,10,40,0,0,50
11 winner,11winner casino,IT,Tier1,0,0,0,0,0
11 winner,11winner casino,JP,Tier2,0,0,0,0,0
11 winner,11winner casino,MX,Tier3,0,0,0,0,0
11 winner,11winner casino,NL,Tier1,0,0,0,0,0
11 winner,11winner casino,PL,Tier2,0,0,0,0,0
11 winner,11winner casino,UZ,Tier3,0,0,0,0,0
11Croco,11 Croco,AR,Tier3,0,0,0,0,0
11Croco,11 Croco,BR,Tier3,0,0,0,0,0
11Croco,11 Croco,CZ,Tier2,0,0,0,0,0
11Croco,11 Croco,DK,Tier1,0,0,0,0,0
11Croco,11 Croco,ES,Tier1,0,0,0,0,0
11Croco,11 Croco,FR,Tier2,0,0,0,0,0
11Croco,11 Croco,GB,Tier1,10,0,0,0,10
11Croco,11 Croco,HU,Tier2,0,0,0,0,0
11Croco,11 Croco,IN,Tier3,0,0,0,0,0
11Croco,11 Croco,IT,Tier1,0,0,0,0,0
11Croco,11 Croco,JP,Tier2,0,0,0,0,0
11Croco,11 Croco,MX,Tier3,0,0,0,0,0
11Croco,11 Croco,NL,Tier1,0,0,0,0,0
11Croco,11 Croco,PL,Tier2,0,0,0,0,0
11Croco,11 Croco,UZ,Tier3,0,0,0,0,0
11Croco,11 Croco casino,AR,Tier3,10,0,0,0,10
11Croco,11 Croco casino,BR,Tier3,0,0,-100,0,0
11Croco,11 Croco casino,CZ,Tier2,0,0,0,0,0
11Croco,11 Croco casino,DK,Tier1,0,0,0,0,0
11Croco,11 Croco casino,ES,Tier1,10,0,0,0,10
11Croco,11 Croco casino,FR,Tier2,0,0,0,0,0
11Croco,11 Croco casino,GB,Tier1,10,0,0,0,10
11Croco,11 Croco casino,HU,Tier2,0,0,0,0,0
11Croco,11 Croco casino,IN,Tier3,10,0,0,0,10
11Croco,11 Croco casino,IT,Tier1,10,0,0,0,10
11Croco,11 Croco casino,JP,Tier2,0,0,0,0,0
11Croco,11 Croco casino,MX,Tier3,0,0,0,0,0
11Croco,11 Croco casino,NL,Tier1,0,0,-100,0,0
11Croco,11 Croco casino,PL,Tier2,10,0,0,0,10
11Croco,11 Croco casino,UZ,Tier3,0,0,0,0,0
11Croco,11Croco,AR,Tier3,0,0,0,0,0
11Croco,11Croco,BR,Tier3,0,0,0,0,0
11Croco,11Croco,CZ,Tier2,0,0,0,0,0
11Croco,11Croco,DK,Tier1,0,0,0,0,0
11Croco,11Croco,ES,Tier1,0,0,0,0,0
11Croco,11Croco,FR,Tier2,10,0,0,0,10
11Croco,11Croco,GB,Tier1,0,0,0,0,0
11Croco,11Croco,HU,Tier2,10,0,0,0,10
11Croco,11Croco,IN,Tier3,0,0,0,0,0
11Croco,11Croco,IT,Tier1,30,0,200,0,30
11Croco,11Croco,JP,Tier2,0,0,0,0,0
11Croco,11Croco,MX,Tier3,0,0,0,0,0
11Croco,11Croco,NL,Tier1,0,0,0,0,0
11Croco,11Croco,PL,Tier2,10,0,0,0,10
11Croco,11Croco,UZ,Tier3,10,0,0,0,10
11Croco,11Croco casino,AR,Tier3,0,0,0,0,0
11Croco,11Croco casino,BR,Tier3,0,0,0,0,0
11Croco,11Croco casino,CZ,Tier2,0,0,0,0,0
11Croco,11Croco casino,DK,Tier1,0,0,0,0,0
11Croco,11Croco casino,ES,Tier1,0,0,0,0,0
11Croco,11Croco casino,FR,Tier2,0,0,0,0,0
11Croco,11Croco casino,GB,Tier1,0,0,0,0,0
11Croco,11Croco casino,HU,Tier2,0,0,0,0,0
11Croco,11Croco casino,IN,Tier3,0,0,0,0,0
11Croco,11Croco casino,IT,Tier1,0,0,0,0,0
11Croco,11Croco casino,JP,Tier2,0,0,0,0,0
11Croco,11Croco casino,MX,Tier3,0,0,0,0,0
11Croco,11Croco casino,NL,Tier1,0,0,0,0,0
11Croco,11Croco casino,PL,Tier2,0,0,0,0,0
11Croco,11Croco casino,UZ,Tier3,0,0,0,0,0
11bet,11 bet,AR,Tier3,0,0,0,0,0
11bet,11 bet,BR,Tier3,1300,300,-46,2,1600
11bet,11 bet,CZ,Tier2,0,0,0,0,0
11bet,11 bet,DK,Tier1,0,0,0,0,0
11bet,11 bet,ES,Tier1,10,0,0,0,10
11bet,11 bet,FR,Tier2,0,0,-100,0,0
11bet,11 bet,GB,Tier1,10,10,0,0,20
11bet,11 bet,HU,Tier2,0,0,-100,0,0
11bet,11 bet,IN,Tier3,320,200,-56,0,520
11bet,11 bet,IT,Tier1,0,0,-100,0,0
11bet,11 bet,JP,Tier2,70,30,40,0,100
11bet,11 bet,MX,Tier3,10,0,0,0,10
11bet,11 bet,NL,Tier1,10,0,0,0,10
11bet,11 bet,PL,Tier2,10,0,0,0,10
11bet,11 bet,UZ,Tier3,20,0,0,0,20
11bet,11 bet casino,AR,Tier3,0,0,0,0,0
11bet,11 bet casino,BR,Tier3,10,0,0,2,10
11bet,11 bet casino,CZ,Tier2,0,0,0,0,0
11bet,11 bet casino,DK,Tier1,0,0,0,0,0
11bet,11 bet casino,ES,Tier1,0,0,0,0,0
11bet,11 bet casino,FR,Tier2,0,0,0,0,0
11bet,11 bet casino,GB,Tier1,0,0,0,0,0
11bet,11 bet casino,HU,Tier2,0,0,0,0,0
11bet,11 bet casino,IN,Tier3,30,0,200,0,30
11bet,11 bet casino,IT,Tier1,0,0,0,0,0
11bet,11 bet casino,JP,Tier2,0,0,0,0,0
11bet,11 bet casino,MX,Tier3,0,0,0,0,0
11bet,11 bet casino,NL,Tier1,10,0,0,0,10
11bet,11 bet casino,PL,Tier2,0,0,0,0,0
11bet,11 bet casino,UZ,Tier3,0,0,0,0,0
11bet,11bet,AR,Tier3,10,0,-50,0,10
11bet,11bet,BR,Tier3,14800,2500,-33,2,17300
11bet,11bet,CZ,Tier2,10,10,0,0,20
11bet,11bet,DK,Tier1,10,10,0,0,20
11bet,11bet,ES,Tier1,10,10,0,0,20
11bet,11bet,FR,Tier2,10,20,0,0,30
11bet,11bet,GB,Tier1,210,70,0,0,280
11bet,11bet,HU,Tier2,10,10,-80,0,20
11bet,11bet,IN,Tier3,720,300,-55,0,1020
11bet,11bet,IT,Tier1,10,30,0,0,40
11bet,11bet,JP,Tier2,480,200,-19,0,680
11bet,11bet,MX,Tier3,10,10,0,0,20
11bet,11bet,NL,Tier1,40,20,-20,0,60
11bet,11bet,PL,Tier2,90,30,-18,0,120
11bet,11bet,UZ,Tier3,10,0,0,0,10
11bet,11bet casino,AR,Tier3,0,0,0,0,0
11bet,11bet casino,BR,Tier3,260,150,-46,2,410
11bet,11bet casino,CZ,Tier2,0,0,0,0,0
11bet,11bet casino,DK,Tier1,0,0,0,0,0
11bet,11bet casino,ES,Tier1,10,0,0,0,10
11bet,11bet casino,FR,Tier2,0,0,0,0,0
11bet,11bet casino,GB,Tier1,0,0,-100,0,0
11bet,11bet casino,HU,Tier2,0,0,0,0,0
11bet,11bet casino,IN,Tier3,10,10,0,0,20
11bet,11bet casino,IT,Tier1,0,0,0,0,0
11bet,11bet casino,JP,Tier2,0,0,0,0,0
11bet,11bet casino,MX,Tier3,10,0,0,0,10
11bet,11bet casino,NL,Tier1,0,0,0,0,0
11bet,11bet casino,PL,Tier2,0,0,0,0,0
11bet,11bet casino,UZ,Tier3,0,0,0,0,0
11deck casino,11deck casino,AR,Tier3,0,0,0,0,0
11deck casino,11deck casino,BR,Tier3,0,0,0,0,0
11deck casino,11deck casino,CZ,Tier2,0,0,0,0,0
11deck casino,11deck casino,DK,Tier1,0,0,0,0,0
11deck casino,11deck casino,ES,Tier1,0,0,0,0,0
11deck casino,11deck casino,FR,Tier2,0,0,0,0,0
11deck casino,11deck casino,GB,Tier1,0,0,0,0,0
11deck casino,11deck casino,HU,Tier2,0,0,0,0,0
11deck casino,11deck casino,IN,Tier3,0,0,0,0,0
11deck casino,11deck casino,IT,Tier1,0,0,0,0,0
11deck casino,11deck casino,JP,Tier2,0,0,0,0,0
11deck casino,11deck casino,MX,Tier3,0,0,0,0,0
11deck casino,11deck casino,NL,Tier1,0,0,0,0,0
11deck casino,11deck casino,PL,Tier2,0,0,0,0,0
11deck casino,11deck casino,UZ,Tier3,0,0,0,0,0
11deck casino,11deckcasino,AR,Tier3,0,0,0,0,0
11deck casino,11deckcasino,BR,Tier3,0,0,0,0,0
11deck casino,11deckcasino,CZ,Tier2,0,0,0,0,0
11deck casino,11deckcasino,DK,Tier1,0,0,0,0,0
11deck casino,11deckcasino,ES,Tier1,0,0,0,0,0
11deck casino,11deckcasino,FR,Tier2,0,0,0,0,0
11deck casino,11deckcasino,GB,Tier1,0,0,0,0,0
11deck casino,11deckcasino,HU,Tier2,0,0,0,0,0
11deck casino,11deckcasino,IN,Tier3,0,0,0,0,0
11deck casino,11deckcasino,IT,Tier1,0,0,0,0,0
11deck casino,11deckcasino,JP,Tier2,0,0,0,0,0
11deck casino,11deckcasino,MX,Tier3,0,0,0,0,0
11deck casino,11deckcasino,NL,Tier1,0,0,0,0,0
11deck casino,11deckcasino,PL,Tier2,0,0,0,0,0
11deck casino,11deckcasino,UZ,Tier3,0,0,0,0,0
11ic,11 ic,AR,Tier3,10,0,0,0,10
11ic,11 ic,BR,Tier3,0,0,0,0,0
11ic,11 ic,CZ,Tier2,0,0,0,0,0
11ic,11 ic,DK,Tier1,0,0,0,0,0
11ic,11 ic,ES,Tier1,0,0,0,0,0
11ic,11 ic,FR,Tier2,10,0,0,0,10
11ic,11 ic,GB,Tier1,10,10,0,0,20
11ic,11 ic,HU,Tier2,0,0,0,0,0
11ic,11 ic,IN,Tier3,1300,2300,-55,0,3600
11ic,11 ic,IT,Tier1,10,0,0,0,10
11ic,11 ic,JP,Tier2,0,0,0,0,0
11ic,11 ic,MX,Tier3,0,0,0,0,0
11ic,11 ic,NL,Tier1,0,0,-100,0,0
11ic,11 ic,PL,Tier2,0,0,-100,0,0
11ic,11 ic,UZ,Tier3,0,0,0,0,0
11ic,11 ic casino,AR,Tier3,0,0,0,0,0
11ic,11 ic casino,BR,Tier3,0,0,0,0,0
11ic,11 ic casino,CZ,Tier2,0,0,0,0,0
11ic,11 ic casino,DK,Tier1,0,0,0,0,0
11ic,11 ic casino,ES,Tier1,0,0,0,0,0
11ic,11 ic casino,FR,Tier2,0,0,0,0,0
11ic,11 ic casino,GB,Tier1,0,0,0,0,0
11ic,11 ic casino,HU,Tier2,0,0,0,0,0
11ic,11 ic casino,IN,Tier3,0,0,0,0,0
11ic,11 ic casino,IT,Tier1,0,0,0,0,0
11ic,11 ic casino,JP,Tier2,0,0,0,0,0
11ic,11 ic casino,MX,Tier3,0,0,0,0,0
11ic,11 ic casino,NL,Tier1,0,0,0,0,0
11ic,11 ic casino,PL,Tier2,0,0,0,0,0
11ic,11 ic casino,UZ,Tier3,0,0,0,0,0
11ic,11ic,AR,Tier3,0,0,0,0,0
11ic,11ic,BR,Tier3,10,0,0,0,10
11ic,11ic,CZ,Tier2,0,0,-100,0,0
11ic,11ic,DK,Tier1,0,0,0,0,0
11ic,11ic,ES,Tier1,0,0,-100,0,0
11ic,11ic,FR,Tier2,10,0,0,0,10
11ic,11ic,GB,Tier1,10,10,0,0,20
11ic,11ic,HU,Tier2,0,0,-100,0,0
11ic,11ic,IN,Tier3,27100,22000,-18,0,49100
11ic,11ic,IT,Tier1,0,0,0,0,0
11ic,11ic,JP,Tier2,10,0,0,0,10
11ic,11ic,MX,Tier3,0,0,0,0,0
11ic,11ic,NL,Tier1,0,0,-100,0,0
11ic,11ic,PL,Tier2,0,0,-100,0,0
11ic,11ic,UZ,Tier3,0,0,0,0,0
11ic,11ic casino,AR,Tier3,0,0,0,0,0
11ic,11ic casino,BR,Tier3,0,0,0,0,0
11ic,11ic casino,CZ,Tier2,10,0,0,0,10
11ic,11ic casino,DK,Tier1,0,0,0,0,0
11ic,11ic casino,ES,Tier1,0,0,0,0,0
11ic,11ic casino,FR,Tier2,10,0,0,0,10
11ic,11ic casino,GB,Tier1,0,0,0,0,0
11ic,11ic casino,HU,Tier2,0,0,0,0,0
11ic,11ic casino,IN,Tier3,90,400,-57,0,490
11ic,11ic casino,IT,Tier1,0,0,0,0,0
11ic,11ic casino,JP,Tier2,0,0,0,0,0
11ic,11ic casino,MX,Tier3,0,0,0,0,0
11ic,11ic casino,NL,Tier1,0,0,-100,0,0
11ic,11ic casino,PL,Tier2,0,0,0,0,0
11ic,11ic casino,UZ,Tier3,0,0,0,0,0
123 spins,123 spins,AR,Tier3,0,0,0,0,0
123 spins,123 spins,BR,Tier3,0,10,-100,0,10
123 spins,123 spins,CZ,Tier2,0,0,0,0,0
123 spins,123 spins,DK,Tier1,0,0,0,0,0
123 spins,123 spins,ES,Tier1,0,0,-100,0,0
123 spins,123 spins,FR,Tier2,0,0,-100,0,0
123 spins,123 spins,GB,Tier1,390,300,-34,0,690
123 spins,123 spins,HU,Tier2,0,0,0,0,0
123 spins,123 spins,IN,Tier3,70,10,-59,0,80
123 spins,123 spins,IT,Tier1,0,0,0,0,0
123 spins,123 spins,JP,Tier2,0,0,-100,0,0
123 spins,123 spins,MX,Tier3,10,0,0,0,10
123 spins,123 spins,NL,Tier1,10,0,0,0,10
123 spins,123 spins,PL,Tier2,10,0,0,0,10
123 spins,123 spins,UZ,Tier3,0,0,0,0,0
123 spins,123 spins casino,AR,Tier3,0,0,0,0,0
123 spins,123 spins casino,BR,Tier3,0,10,0,0,10
123 spins,123 spins casino,CZ,Tier2,0,0,0,0,0
123 spins,123 spins casino,DK,Tier1,0,0,0,0,0
123 spins,123 spins casino,ES,Tier1,10,0,0,0,10
123 spins,123 spins casino,FR,Tier2,0,0,0,0,0
123 spins,123 spins casino,GB,Tier1,10,30,-75,0,40
123 spins,123 spins casino,HU,Tier2,0,0,0,0,0
123 spins,123 spins casino,IN,Tier3,0,10,-100,0,10
123 spins,123 spins casino,IT,Tier1,0,0,0,0,0
123 spins,123 spins casino,JP,Tier2,0,0,0,0,0
123 spins,123 spins casino,MX,Tier3,10,0,0,0,10
123 spins,123 spins casino,NL,Tier1,0,0,0,0,0
123 spins,123 spins casino,PL,Tier2,0,0,0,0,0
123 spins,123 spins casino,UZ,Tier3,0,0,0,0,0
123 spins,123spins,AR,Tier3,0,0,0,0,0
123 spins,123spins,BR,Tier3,0,0,0,0,0
123 spins,123spins,CZ,Tier2,0,0,0,0,0
123 spins,123spins,DK,Tier1,0,0,0,0,0
123 spins,123spins,ES,Tier1,10,0,0,0,10
123 spins,123spins,FR,Tier2,0,0,0,0,0
123 spins,123spins,GB,Tier1,260,200,-33,0,460
123 spins,123spins,HU,Tier2,0,0,0,0,0
123 spins,123spins,IN,Tier3,10,0,0,0,10
123 spins,123spins,IT,Tier1,0,0,0,0,0
123 spins,123spins,JP,Tier2,0,0,0,0,0
123 spins,123spins,MX,Tier3,10,0,0,0,10
123 spins,123spins,NL,Tier1,0,0,0,0,0
123 spins,123spins,PL,Tier2,0,0,0,0,0
123 spins,123spins,UZ,Tier3,0,0,0,0,0
123 spins,123spins casino,AR,Tier3,0,0,0,0,0
123 spins,123spins casino,BR,Tier3,0,0,0,0,0
123 spins,123spins casino,CZ,Tier2,0,0,0,0,0
123 spins,123spins casino,DK,Tier1,0,0,0,0,0
123 spins,123spins casino,ES,Tier1,0,0,0,0,0
123 spins,123spins casino,FR,Tier2,0,0,0,0,0
123 spins,123spins casino,GB,Tier1,30,10,0,0,40
123 spins,123spins casino,HU,Tier2,0,0,0,0,0
123 spins,123spins casino,IN,Tier3,0,0,0,0,0
123 spins,123spins casino,IT,Tier1,0,0,0,0,0
123 spins,123spins casino,JP,Tier2,0,0,0,0,0
123 spins,123spins casino,MX,Tier3,0,0,-100,0,0
123 spins,123spins casino,NL,Tier1,0,0,0,0,0
123 spins,123spins casino,PL,Tier2,0,0,0,0,0
123 spins,123spins casino,UZ,Tier3,0,0,0,0,0
123win,123 win,AR,Tier3,0,0,0,0,0
123win,123 win,BR,Tier3,0,40,0,0,40
123win,123 win,CZ,Tier2,0,0,0,0,0
123win,123 win,DK,Tier1,0,0,0,0,0
123win,123 win,ES,Tier1,0,0,0,0,0
123win,123 win,FR,Tier2,0,0,0,0,0
123win,123 win,GB,Tier1,0,0,0,0,0
123win,123 win,HU,Tier2,0,0,0,0,0
123win,123 win,IN,Tier3,0,0,0,0,0
123win,123 win,IT,Tier1,0,0,0,0,0
123win,123 win,JP,Tier2,0,0,0,0,0
123win,123 win,MX,Tier3,0,0,0,0,0
123win,123 win,NL,Tier1,0,0,0,0,0
123win,123 win,PL,Tier2,0,0,0,0,0
123win,123 win,UZ,Tier3,0,0,0,0,0
123win,123 win casino,AR,Tier3,0,0,0,0,0
123win,123 win casino,BR,Tier3,10,10,-89,0,20
123win,123 win casino,CZ,Tier2,0,0,0,0,0
123win,123 win casino,DK,Tier1,0,0,0,0,0
123win,123 win casino,ES,Tier1,0,0,0,0,0
123win,123 win casino,FR,Tier2,0,0,0,0,0
123win,123 win casino,GB,Tier1,0,0,0,0,0
123win,123 win casino,HU,Tier2,0,0,0,0,0
123win,123 win casino,IN,Tier3,0,0,0,0,0
123win,123 win casino,IT,Tier1,0,0,0,0,0
123win,123 win casino,JP,Tier2,0,0,0,0,0
123win,123 win casino,MX,Tier3,0,0,0,0,0
123win,123 win casino,NL,Tier1,0,0,0,0,0
123win,123 win casino,PL,Tier2,0,0,0,0,0
123win,123 win casino,UZ,Tier3,0,0,0,0,0
123win,123win,AR,Tier3,10,10,0,0,20
123win,123win,BR,Tier3,8100,1700,-45,0,9800
123win,123win,CZ,Tier2,10,0,0,0,10
123win,123win,DK,Tier1,0,0,0,0,0
123win,123win,ES,Tier1,10,0,0,0,10
123win,123win,FR,Tier2,10,10,-50,0,20
123win,123win,GB,Tier1,20,50,0,0,70
123win,123win,HU,Tier2,0,0,0,0,0
123win,123win,IN,Tier3,10,30,-50,0,40
123win,123win,IT,Tier1,10,20,0,0,30
123win,123win,JP,Tier2,140,40,-33,0,180
123win,123win,MX,Tier3,10,10,0,0,20
123win,123win,NL,Tier1,10,10,0,0,20
123win,123win,PL,Tier2,0,0,-100,0,0
123win,123win,UZ,Tier3,0,0,0,0,0
123win,123win casino,AR,Tier3,0,0,0,0,0
123win,123win casino,BR,Tier3,70,10,0,0,80
123win,123win casino,CZ,Tier2,0,0,0,0,0
123win,123win casino,DK,Tier1,0,0,0,0,0
123win,123win casino,ES,Tier1,0,0,0,0,0
123win,123win casino,FR,Tier2,0,0,0,0,0
123win,123win casino,GB,Tier1,10,0,0,0,10
123win,123win casino,HU,Tier2,0,0,0,0,0
123win,123win casino,IN,Tier3,0,0,-100,0,0
123win,123win casino,IT,Tier1,0,0,0,0,0
123win,123win casino,JP,Tier2,0,0,0,0,0
123win,123win casino,MX,Tier3,0,0,0,0,0
123win,123win casino,NL,Tier1,0,0,0,0,0
123win,123win casino,PL,Tier2,0,0,0,0,0
123win,123win casino,UZ,Tier3,0,0,0,0,0
12bet,12 bet,AR,Tier3,10,10,0,0,20
12bet,12 bet,BR,Tier3,140,300,-33,1,440
12bet,12 bet,CZ,Tier2,10,0,0,0,10
12bet,12 bet,DK,Tier1,0,0,0,0,0
12bet,12 bet,ES,Tier1,10,10,0,0,20
12bet,12 bet,FR,Tier2,0,10,-100,0,10
12bet,12 bet,GB,Tier1,30,30,0,0,60
12bet,12 bet,HU,Tier2,10,0,0,0,10
12bet,12 bet,IN,Tier3,22200,15000,-18,1,37200
12bet,12 bet,IT,Tier1,10,10,0,0,20
12bet,12 bet,JP,Tier2,10,20,0,0,30
12bet,12 bet,MX,Tier3,10,10,0,0,20
12bet,12 bet,NL,Tier1,10,10,0,0,20
12bet,12 bet,PL,Tier2,10,10,0,0,20
12bet,12 bet,UZ,Tier3,10,0,0,0,10
12bet,12 bet casino,AR,Tier3,0,0,-100,0,0
12bet,12 bet casino,BR,Tier3,0,0,0,1,0
12bet,12 bet casino,CZ,Tier2,0,0,0,0,0
12bet,12 bet casino,DK,Tier1,0,0,0,0,0
12bet,12 bet casino,ES,Tier1,0,0,0,0,0
12bet,12 bet casino,FR,Tier2,10,0,0,0,10
12bet,12 bet casino,GB,Tier1,10,0,0,0,10
12bet,12 bet casino,HU,Tier2,0,0,0,0,0
12bet,12 bet casino,IN,Tier3,10,0,0,1,10
12bet,12 bet casino,IT,Tier1,10,0,0,0,10
12bet,12 bet casino,JP,Tier2,0,0,0,0,0
12bet,12 bet casino,MX,Tier3,10,0,0,0,10
12bet,12 bet casino,NL,Tier1,10,0,0,0,10
12bet,12 bet casino,PL,Tier2,0,0,0,0,0
12bet,12 bet casino,UZ,Tier3,0,0,0,0,0
12bet,12bet,AR,Tier3,30,50,-40,0,80
12bet,12bet,BR,Tier3,27100,22000,-18,1,49100
12bet,12bet,CZ,Tier2,10,50,0,0,60
12bet,12bet,DK,Tier1,10,10,0,0,20
12bet,12bet,ES,Tier1,70,80,40,0,150
12bet,12bet,FR,Tier2,110,80,120,0,190
12bet,12bet,GB,Tier1,260,350,-19,0,610
12bet,12bet,HU,Tier2,20,20,100,0,40
12bet,12bet,IN,Tier3,165000,122000,0,1,287000
12bet,12bet,IT,Tier1,140,100,180,0,240
12bet,12bet,JP,Tier2,480,450,0,0,930
12bet,12bet,MX,Tier3,30,50,0,0,80
12bet,12bet,NL,Tier1,90,90,29,0,180
12bet,12bet,PL,Tier2,20,30,0,0,50
12bet,12bet,UZ,Tier3,30,20,200,0,50
12bet,12bet casino,AR,Tier3,10,0,0,0,10
12bet,12bet casino,BR,Tier3,320,10,-33,1,330
12bet,12bet casino,CZ,Tier2,10,30,0,0,40
12bet,12bet casino,DK,Tier1,10,0,0,0,10
12bet,12bet casino,ES,Tier1,0,0,0,0,0
12bet,12bet casino,FR,Tier2,0,0,-100,0,0
12bet,12bet casino,GB,Tier1,10,40,-67,0,50
12bet,12bet casino,HU,Tier2,0,0,0,0,0
12bet,12bet casino,IN,Tier3,50,40,0,1,90
12bet,12bet casino,IT,Tier1,10,0,0,0,10
12bet,12bet casino,JP,Tier2,0,0,0,0,0
12bet,12bet casino,MX,Tier3,0,0,0,0,0
12bet,12bet casino,NL,Tier1,10,0,0,0,10
12bet,12bet casino,PL,Tier2,0,0,0,0,0
12bet,12bet casino,UZ,Tier3,0,0,0,0,0
12hbet,12h bet,AR,Tier3,0,0,0,0,0
12hbet,12h bet,BR,Tier3,10,0,0,0,10
12hbet,12h bet,CZ,Tier2,0,0,0,0,0
12hbet,12h bet,DK,Tier1,0,0,0,0,0
12hbet,12h bet,ES,Tier1,0,0,0,0,0
12hbet,12h bet,FR,Tier2,0,0,0,0,0
12hbet,12h bet,GB,Tier1,0,0,0,0,0
12hbet,12h bet,HU,Tier2,0,0,0,0,0
12hbet,12h bet,IN,Tier3,0,0,0,0,0
12hbet,12h bet,IT,Tier1,0,0,0,0,0
12hbet,12h bet,JP,Tier2,0,0,0,0,0
12hbet,12h bet,MX,Tier3,0,0,0,0,0
12hbet,12h bet,NL,Tier1,0,0,0,0,0
12hbet,12h bet,PL,Tier2,0,0,0,0,0
12hbet,12h bet,UZ,Tier3,0,0,0,0,0
12hbet,12h bet casino,AR,Tier3,0,0,0,0,0
12hbet,12h bet casino,BR,Tier3,0,0,0,0,0
12hbet,12h bet casino,CZ,Tier2,0,0,0,0,0
12hbet,12h bet casino,DK,Tier1,0,0,0,0,0
12hbet,12h bet casino,ES,Tier1,0,0,0,0,0
12hbet,12h bet casino,FR,Tier2,0,0,0,0,0
12hbet,12h bet casino,GB,Tier1,0,0,0,0,0
12hbet,12h bet casino,HU,Tier2,0,0,0,0,0
12hbet,12h bet casino,IN,Tier3,0,0,0,0,0
12hbet,12h bet casino,IT,Tier1,0,0,0,0,0
12hbet,12h bet casino,JP,Tier2,0,0,0,0,0
12hbet,12h bet casino,MX,Tier3,0,0,0,0,0
12hbet,12h bet casino,NL,Tier1,0,0,0,0,0
12hbet,12h bet casino,PL,Tier2,0,0,0,0,0
12hbet,12h bet casino,UZ,Tier3,0,0,0,0,0
12hbet,12hbet,AR,Tier3,0,0,0,0,0
12hbet,12hbet,BR,Tier3,40,50,-56,0,90
12hbet,12hbet,CZ,Tier2,0,0,0,0,0
12hbet,12hbet,DK,Tier1,0,0,0,0,0
12hbet,12hbet,ES,Tier1,0,0,0,0,0
12hbet,12hbet,FR,Tier2,10,0,0,0,10
12hbet,12hbet,GB,Tier1,10,0,0,0,10
12hbet,12hbet,HU,Tier2,0,0,0,0,0
12hbet,12hbet,IN,Tier3,0,0,-100,0,0
12hbet,12hbet,IT,Tier1,10,0,0,0,10
12hbet,12hbet,JP,Tier2,50,20,150,0,70
12hbet,12hbet,MX,Tier3,0,0,0,0,0
12hbet,12hbet,NL,Tier1,10,10,0,0,20
12hbet,12hbet,PL,Tier2,0,0,-100,0,0
12hbet,12hbet,UZ,Tier3,0,0,0,0,0
12hbet,12hbet casino,AR,Tier3,0,0,0,0,0
12hbet,12hbet casino,BR,Tier3,0,0,0,0,0
12hbet,12hbet casino,CZ,Tier2,0,0,0,0,0
12hbet,12hbet casino,DK,Tier1,0,0,0,0,0
12hbet,12hbet casino,ES,Tier1,0,0,0,0,0
12hbet,12hbet casino,FR,Tier2,0,0,0,0,0
12hbet,12hbet casino,GB,Tier1,0,0,0,0,0
12hbet,12hbet casino,HU,Tier2,0,0,0,0,0
12hbet,12hbet casino,IN,Tier3,0,0,0,0,0
12hbet,12hbet casino,IT,Tier1,0,0,0,0,0
12hbet,12hbet casino,JP,Tier2,0,0,0,0,0
12hbet,12hbet casino,MX,Tier3,0,0,0,0,0
12hbet,12hbet casino,NL,Tier1,0,0,0,0,0
12hbet,12hbet casino,PL,Tier2,0,0,0,0,0
12hbet,12hbet casino,UZ,Tier3,0,0,0,0,0
12play casino,12play casino,AR,Tier3,10,0,0,0,10
12play casino,12play casino,BR,Tier3,10,30,0,0,40
12play casino,12play casino,CZ,Tier2,10,0,0,0,10
12play casino,12play casino,DK,Tier1,0,0,0,0,0
12play casino,12play casino,ES,Tier1,0,0,0,0,0
12play casino,12play casino,FR,Tier2,0,0,0,0,0
12play casino,12play casino,GB,Tier1,10,20,0,0,30
12play casino,12play casino,HU,Tier2,0,0,0,0,0
12play casino,12play casino,IN,Tier3,70,20,0,0,90
12play casino,12play casino,IT,Tier1,10,0,0,0,10
12play casino,12play casino,JP,Tier2,10,0,0,0,10
12play casino,12play casino,MX,Tier3,0,0,0,0,0
12play casino,12play casino,NL,Tier1,10,0,0,0,10
12play casino,12play casino,PL,Tier2,10,0,0,0,10
12play casino,12play casino,UZ,Tier3,10,0,0,0,10
12play casino,12playcasino,AR,Tier3,0,0,0,0,0
12play casino,12playcasino,BR,Tier3,0,0,0,0,0
12play casino,12playcasino,CZ,Tier2,0,0,0,0,0
12play casino,12playcasino,DK,Tier1,0,0,0,0,0
12play casino,12playcasino,ES,Tier1,0,0,0,0,0
12play casino,12playcasino,FR,Tier2,0,0,0,0,0
12play casino,12playcasino,GB,Tier1,0,0,0,0,0
12play casino,12playcasino,HU,Tier2,0,0,0,0,0
12play casino,12playcasino,IN,Tier3,0,0,0,0,0
12play casino,12playcasino,IT,Tier1,0,0,0,0,0
12play casino,12playcasino,JP,Tier2,0,0,0,0,0
12play casino,12playcasino,MX,Tier3,0,0,0,0,0
12play casino,12playcasino,NL,Tier1,0,0,0,0,0
12play casino,12playcasino,PL,Tier2,0,0,0,0,0
12play casino,12playcasino,UZ,Tier3,0,0,0,0,0
17BR casino,17BR casino,AR,Tier3,0,0,0,0,0
17BR casino,17BR casino,BR,Tier3,10,0,0,0,10
17BR casino,17BR casino,CZ,Tier2,0,0,0,0,0
17BR casino,17BR casino,DK,Tier1,0,0,0,0,0
17BR casino,17BR casino,ES,Tier1,0,0,0,0,0
17BR casino,17BR casino,FR,Tier2,10,0,0,0,10
17BR casino,17BR casino,GB,Tier1,10,0,0,0,10
17BR casino,17BR casino,HU,Tier2,10,0,0,0,10
17BR casino,17BR casino,IN,Tier3,0,0,0,0,0
17BR casino,17BR casino,IT,Tier1,10,0,0,0,10
17BR casino,17BR casino,JP,Tier2,0,0,0,0,0
17BR casino,17BR casino,MX,Tier3,0,0,0,0,0
17BR casino,17BR casino,NL,Tier1,0,0,0,0,0
17BR casino,17BR casino,PL,Tier2,10,0,0,0,10
17BR casino,17BR casino,UZ,Tier3,0,0,0,0,0
17BR casino,17BRcasino,AR,Tier3,0,0,0,0,0
17BR casino,17BRcasino,BR,Tier3,0,0,0,0,0
17BR casino,17BRcasino,CZ,Tier2,0,0,0,0,0
17BR casino,17BRcasino,DK,Tier1,0,0,0,0,0
17BR casino,17BRcasino,ES,Tier1,0,0,0,0,0
17BR casino,17BRcasino,FR,Tier2,0,0,0,0,0
17BR casino,17BRcasino,GB,Tier1,0,0,0,0,0
17BR casino,17BRcasino,HU,Tier2,0,0,0,0,0
17BR casino,17BRcasino,IN,Tier3,0,0,0,0,0
17BR casino,17BRcasino,IT,Tier1,0,0,0,0,0
17BR casino,17BRcasino,JP,Tier2,0,0,0,0,0
17BR casino,17BRcasino,MX,Tier3,0,0,0,0,0
17BR casino,17BRcasino,NL,Tier1,0,0,0,0,0
17BR casino,17BRcasino,PL,Tier2,0,0,0,0,0
17BR casino,17BRcasino,UZ,Tier3,0,0,0,0,0
188bet,188 bet,AR,Tier3,10,10,0,0,20
188bet,188 bet,BR,Tier3,1900,500,-34,1,2400
188bet,188 bet,CZ,Tier2,50,20,150,0,70
188bet,188 bet,DK,Tier1,10,0,0,0,10
188bet,188 bet,ES,Tier1,10,10,0,0,20
188bet,188 bet,FR,Tier2,10,30,-67,0,40
188bet,188 bet,GB,Tier1,70,70,0,0,140
188bet,188 bet,HU,Tier2,10,10,0,0,20
188bet,188 bet,IN,Tier3,210,200,-34,0,410
188bet,188 bet,IT,Tier1,10,20,-50,0,30
188bet,188 bet,JP,Tier2,390,150,22,0,540
188bet,188 bet,MX,Tier3,10,20,0,0,30
188bet,188 bet,NL,Tier1,20,30,-60,0,50
188bet,188 bet,PL,Tier2,10,10,0,0,20
188bet,188 bet,UZ,Tier3,10,10,-67,0,20
188bet,188 bet casino,AR,Tier3,0,0,0,0,0
188bet,188 bet casino,BR,Tier3,0,0,-100,1,0
188bet,188 bet casino,CZ,Tier2,0,0,0,0,0
188bet,188 bet casino,DK,Tier1,0,0,0,0,0
188bet,188 bet casino,ES,Tier1,0,0,0,0,0
188bet,188 bet casino,FR,Tier2,0,0,0,0,0
188bet,188 bet casino,GB,Tier1,0,0,0,0,0
188bet,188 bet casino,HU,Tier2,0,0,0,0,0
188bet,188 bet casino,IN,Tier3,10,0,0,0,10
188bet,188 bet casino,IT,Tier1,0,0,0,0,0
188bet,188 bet casino,JP,Tier2,0,0,0,0,0
188bet,188 bet casino,MX,Tier3,0,0,-100,0,0
188bet,188 bet casino,NL,Tier1,0,0,0,0,0
188bet,188 bet casino,PL,Tier2,0,0,0,0,0
188bet,188 bet casino,UZ,Tier3,0,0,0,0,0
188bet,188bet,AR,Tier3,110,300,-81,0,410
188bet,188bet,BR,Tier3,60500,31000,-18,1,91500
188bet,188bet,CZ,Tier2,320,350,-64,0,670
188bet,188bet,DK,Tier1,70,40,-22,0,110
188bet,188bet,ES,Tier1,140,300,-71,0,440
188bet,188bet,FR,Tier2,260,600,-74,0,860
188bet,188bet,GB,Tier1,590,400,-63,0,990
188bet,188bet,HU,Tier2,90,80,-65,0,170
188bet,188bet,IN,Tier3,1600,3500,-70,0,5100
188bet,188bet,IT,Tier1,170,250,-35,0,420
188bet,188bet,JP,Tier2,8100,10000,-64,0,18100
188bet,188bet,MX,Tier3,480,700,-70,0,1180
188bet,188bet,NL,Tier1,260,450,-56,0,710
188bet,188bet,PL,Tier2,140,250,-71,0,390
188bet,188bet,UZ,Tier3,70,150,-78,0,220
188bet,188bet casino,AR,Tier3,0,0,0,0,0
188bet,188bet casino,BR,Tier3,30,30,0,1,60
188bet,188bet casino,CZ,Tier2,10,0,0,0,10
188bet,188bet casino,DK,Tier1,0,0,0,0,0
188bet,188bet casino,ES,Tier1,0,0,0,0,0
188bet,188bet casino,FR,Tier2,0,0,-100,0,0
188bet,188bet casino,GB,Tier1,40,40,0,0,80
188bet,188bet casino,HU,Tier2,0,0,0,0,0
188bet,188bet casino,IN,Tier3,50,30,0,0,80
188bet,188bet casino,IT,Tier1,10,0,0,0,10
188bet,188bet casino,JP,Tier2,10,0,0,0,10
188bet,188bet casino,MX,Tier3,10,0,0,0,10
188bet,188bet casino,NL,Tier1,0,0,-100,0,0
188bet,188bet casino,PL,Tier2,10,0,0,0,10
188bet,188bet casino,UZ,Tier3,10,0,0,0,10
18bet,18 bet,AR,Tier3,0,0,0,0,0
18bet,18 bet,BR,Tier3,70,150,-22,2,220
18bet,18 bet,CZ,Tier2,0,0,-100,0,0
18bet,18 bet,DK,Tier1,0,0,0,0,0
18bet,18 bet,ES,Tier1,10,0,0,0,10
18bet,18 bet,FR,Tier2,0,0,-100,0,0
18bet,18 bet,GB,Tier1,10,60,-67,0,70
18bet,18 bet,HU,Tier2,90,30,800,0,120
18bet,18 bet,IN,Tier3,70,30,75,0,100
18bet,18 bet,IT,Tier1,10,50,0,0,60
18bet,18 bet,JP,Tier2,0,0,0,0,0
18bet,18 bet,MX,Tier3,0,0,0,0,0
18bet,18 bet,NL,Tier1,10,0,0,0,10
18bet,18 bet,PL,Tier2,10,0,0,0,10
18bet,18 bet,UZ,Tier3,20,0,100,0,20
18bet,18 bet casino,AR,Tier3,10,0,0,0,10
18bet,18 bet casino,BR,Tier3,880,30,22,2,910
18bet,18 bet casino,CZ,Tier2,10,0,0,0,10
18bet,18 bet casino,DK,Tier1,50,0,400,0,50
18bet,18 bet casino,ES,Tier1,0,0,0,0,0
18bet,18 bet casino,FR,Tier2,0,0,0,0,0
18bet,18 bet casino,GB,Tier1,10,0,0,0,10
18bet,18 bet casino,HU,Tier2,110,10,1000,0,120
18bet,18 bet casino,IN,Tier3,10,0,-50,0,10
18bet,18 bet casino,IT,Tier1,70,0,600,0,70
18bet,18 bet casino,JP,Tier2,0,0,0,0,0
18bet,18 bet casino,MX,Tier3,0,0,0,0,0
18bet,18 bet casino,NL,Tier1,0,0,0,0,0
18bet,18 bet casino,PL,Tier2,10,0,0,0,10
18bet,18 bet casino,UZ,Tier3,0,0,0,0,0
18bet,18bet,AR,Tier3,20,20,0,0,40
18bet,18bet,BR,Tier3,14800,15000,-33,2,29800
18bet,18bet,CZ,Tier2,10,10,0,0,20
18bet,18bet,DK,Tier1,70,80,250,0,150
18bet,18bet,ES,Tier1,30,30,50,0,60
18bet,18bet,FR,Tier2,20,20,100,0,40
18bet,18bet,GB,Tier1,90,150,-57,0,240
18bet,18bet,HU,Tier2,70,60,133,0,130
18bet,18bet,IN,Tier3,90,150,0,0,240
18bet,18bet,IT,Tier1,480,700,0,0,1180
18bet,18bet,JP,Tier2,20,60,-60,0,80
18bet,18bet,MX,Tier3,10,30,-50,0,40
18bet,18bet,NL,Tier1,10,20,0,0,30
18bet,18bet,PL,Tier2,20,20,0,0,40
18bet,18bet,UZ,Tier3,10,10,0,0,20
18bet,18bet casino,AR,Tier3,0,0,0,0,0
18bet,18bet casino,BR,Tier3,0,700,0,2,700
18bet,18bet casino,CZ,Tier2,0,0,0,0,0
18bet,18bet casino,DK,Tier1,0,20,0,0,20
18bet,18bet casino,ES,Tier1,0,0,0,0,0
18bet,18bet casino,FR,Tier2,0,0,0,0,0
18bet,18bet casino,GB,Tier1,0,20,0,0,20
18bet,18bet casino,HU,Tier2,0,10,0,0,10
18bet,18bet casino,IN,Tier3,0,10,0,0,10
18bet,18bet casino,IT,Tier1,0,40,0,0,40
18bet,18bet casino,JP,Tier2,0,0,0,0,0
18bet,18bet casino,MX,Tier3,0,0,0,0,0
18bet,18bet casino,NL,Tier1,0,0,0,0,0
18bet,18bet casino,PL,Tier2,0,10,0,0,10
18bet,18bet casino,UZ,Tier3,0,0,0,0,0
1960bet casino,1960bet casino,AR,Tier3,0,0,0,0,0
1960bet casino,1960bet casino,BR,Tier3,0,0,0,0,0
1960bet casino,1960bet casino,CZ,Tier2,0,0,0,0,0
1960bet casino,1960bet casino,DK,Tier1,0,0,0,0,0
1960bet casino,1960bet casino,ES,Tier1,0,0,0,0,0
1960bet casino,1960bet casino,FR,Tier2,0,0,0,0,0
1960bet casino,1960bet casino,GB,Tier1,0,0,0,0,0
1960bet casino,1960bet casino,HU,Tier2,0,0,0,0,0
1960bet casino,1960bet casino,IN,Tier3,0,0,0,0,0
1960bet casino,1960bet casino,IT,Tier1,0,0,0,0,0
1960bet casino,1960bet casino,JP,Tier2,0,0,0,0,0
1960bet casino,1960bet casino,MX,Tier3,0,0,0,0,0
1960bet casino,1960bet casino,NL,Tier1,0,0,0,0,0
1960bet casino,1960bet casino,PL,Tier2,0,0,0,0,0
1960bet casino,1960bet casino,UZ,Tier3,0,0,0,0,0
1960bet casino,1960betcasino,AR,Tier3,0,0,0,0,0
1960bet casino,1960betcasino,BR,Tier3,0,0,0,0,0
1960bet casino,1960betcasino,CZ,Tier2,0,0,0,0,0
1960bet casino,1960betcasino,DK,Tier1,0,0,0,0,0
1960bet casino,1960betcasino,ES,Tier1,0,0,0,0,0
1960bet casino,1960betcasino,FR,Tier2,0,0,0,0,0
1960bet casino,1960betcasino,GB,Tier1,0,0,0,0,0
1960bet casino,1960betcasino,HU,Tier2,0,0,0,0,0
1960bet casino,1960betcasino,IN,Tier3,0,0,0,0,0
1960bet casino,1960betcasino,IT,Tier1,0,0,0,0,0
1960bet casino,1960betcasino,JP,Tier2,0,0,0,0,0
1960bet casino,1960betcasino,MX,Tier3,0,0,0,0,0
1960bet casino,1960betcasino,NL,Tier1,0,0,0,0,0
1960bet casino,1960betcasino,PL,Tier2,0,0,0,0,0
1960bet casino,1960betcasino,UZ,Tier3,0,0,0,0,0
1993bet,1993 bet,AR,Tier3,0,0,0,0,0
1993bet,1993 bet,BR,Tier3,2900,2400,-46,2,5300
1993bet,1993 bet,CZ,Tier2,0,0,0,0,0
1993bet,1993 bet,DK,Tier1,0,0,0,0,0
1993bet,1993 bet,ES,Tier1,0,0,0,0,0
1993bet,1993 bet,FR,Tier2,0,0,0,0,0
1993bet,1993 bet,GB,Tier1,0,0,-100,0,0
1993bet,1993 bet,HU,Tier2,0,0,0,0,0
1993bet,1993 bet,IN,Tier3,0,0,-100,0,0
1993bet,1993 bet,IT,Tier1,0,0,0,0,0
1993bet,1993 bet,JP,Tier2,0,0,0,0,0
1993bet,1993 bet,MX,Tier3,0,0,0,0,0
1993bet,1993 bet,NL,Tier1,0,0,0,0,0
1993bet,1993 bet,PL,Tier2,0,0,0,0,0
1993bet,1993 bet,UZ,Tier3,0,0,0,0,0
1993bet,1993 bet casino,AR,Tier3,0,0,0,0,0
1993bet,1993 bet casino,BR,Tier3,90,10,80,2,100
1993bet,1993 bet casino,CZ,Tier2,0,0,0,0,0
1993bet,1993 bet casino,DK,Tier1,0,0,0,0,0
1993bet,1993 bet casino,ES,Tier1,0,0,0,0,0
1993bet,1993 bet casino,FR,Tier2,0,0,0,0,0
1993bet,1993 bet casino,GB,Tier1,0,0,0,0,0
1993bet,1993 bet casino,HU,Tier2,0,0,0,0,0
1993bet,1993 bet casino,IN,Tier3,0,0,0,0,0
1993bet,1993 bet casino,IT,Tier1,0,0,0,0,0
1993bet,1993 bet casino,JP,Tier2,0,0,0,0,0
1993bet,1993 bet casino,MX,Tier3,0,0,0,0,0
1993bet,1993 bet casino,NL,Tier1,0,0,0,0,0
1993bet,1993 bet casino,PL,Tier2,0,0,0,0,0
1993bet,1993 bet casino,UZ,Tier3,0,0,0,0,0
1993bet,1993bet,AR,Tier3,0,0,0,0,0
1993bet,1993bet,BR,Tier3,0,1700,0,2,1700
1993bet,1993bet,CZ,Tier2,0,0,0,0,0
1993bet,1993bet,DK,Tier1,0,0,0,0,0
1993bet,1993bet,ES,Tier1,0,0,-100,0,0
1993bet,1993bet,FR,Tier2,10,0,0,0,10
1993bet,1993bet,GB,Tier1,0,0,0,0,0
1993bet,1993bet,HU,Tier2,0,0,0,0,0
1993bet,1993bet,IN,Tier3,0,0,0,0,0
1993bet,1993bet,IT,Tier1,0,0,0,0,0
1993bet,1993bet,JP,Tier2,0,0,0,0,0
1993bet,1993bet,MX,Tier3,0,0,0,0,0
1993bet,1993bet,NL,Tier1,0,0,0,0,0
1993bet,1993bet,PL,Tier2,0,0,0,0,0
1993bet,1993bet,UZ,Tier3,0,0,0,0,0
1993bet,1993bet casino,AR,Tier3,0,0,0,0,0
1993bet,1993bet casino,BR,Tier3,0,0,0,2,0
1993bet,1993bet casino,CZ,Tier2,0,0,0,0,0
1993bet,1993bet casino,DK,Tier1,0,0,0,0,0
1993bet,1993bet casino,ES,Tier1,0,0,0,0,0
1993bet,1993bet casino,FR,Tier2,0,0,0,0,0
1993bet,1993bet casino,GB,Tier1,0,0,0,0,0
1993bet,1993bet casino,HU,Tier2,0,0,0,0,0
1993bet,1993bet casino,IN,Tier3,0,0,0,0,0
1993bet,1993bet casino,IT,Tier1,0,0,0,0,0
1993bet,1993bet casino,JP,Tier2,0,0,0,0,0
1993bet,1993bet casino,MX,Tier3,0,0,0,0,0
1993bet,1993bet casino,NL,Tier1,0,0,0,0,0
1993bet,1993bet casino,PL,Tier2,0,0,0,0,0
1993bet,1993bet casino,UZ,Tier3,0,0,0,0,0
1GO casino,1GO casino,AR,Tier3,20,40,-50,0,60
1GO casino,1GO casino,BR,Tier3,2900,1200,0,0,4100
1GO casino,1GO casino,CZ,Tier2,40,50,-20,0,90
1GO casino,1GO casino,DK,Tier1,10,20,-67,0,30
1GO casino,1GO casino,ES,Tier1,70,40,250,0,110
1GO casino,1GO casino,FR,Tier2,10,40,-80,0,50
1GO casino,1GO casino,GB,Tier1,30,150,-67,0,180
1GO casino,1GO casino,HU,Tier2,140,150,56,0,290
1GO casino,1GO casino,IN,Tier3,590,400,-18,0,990
1GO casino,1GO casino,IT,Tier1,10,40,-80,0,50
1GO casino,1GO casino,JP,Tier2,10,10,0,0,20
1GO casino,1GO casino,MX,Tier3,20,80,-78,0,100
1GO casino,1GO casino,NL,Tier1,50,60,-55,0,110
1GO casino,1GO casino,PL,Tier2,110,150,-48,0,260
1GO casino,1GO casino,UZ,Tier3,30,20,50,0,50
1GO casino,1GOcasino,AR,Tier3,0,0,0,0,0
1GO casino,1GOcasino,BR,Tier3,0,40,0,0,40
1GO casino,1GOcasino,CZ,Tier2,0,0,0,0,0
1GO casino,1GOcasino,DK,Tier1,0,0,0,0,0
1GO casino,1GOcasino,ES,Tier1,0,0,-100,0,0
1GO casino,1GOcasino,FR,Tier2,0,0,0,0,0
1GO casino,1GOcasino,GB,Tier1,0,0,0,0,0
1GO casino,1GOcasino,HU,Tier2,0,10,0,0,10
1GO casino,1GOcasino,IN,Tier3,0,0,0,0,0
1GO casino,1GOcasino,IT,Tier1,0,0,0,0,0
1GO casino,1GOcasino,JP,Tier2,0,0,0,0,0
1GO casino,1GOcasino,MX,Tier3,0,0,0,0,0
1GO casino,1GOcasino,NL,Tier1,0,0,0,0,0
1GO casino,1GOcasino,PL,Tier2,0,0,0,0,0
1GO casino,1GOcasino,UZ,Tier3,0,0,0,0,0
1KING casino,1KING casino,AR,Tier3,0,0,0,0,0
1KING casino,1KING casino,BR,Tier3,10,20,0,0,30
1KING casino,1KING casino,CZ,Tier2,10,0,0,0,10
1KING casino,1KING casino,DK,Tier1,0,0,-100,0,0
1KING casino,1KING casino,ES,Tier1,10,0,0,0,10
1KING casino,1KING casino,FR,Tier2,10,0,0,0,10
1KING casino,1KING casino,GB,Tier1,10,10,0,0,20
1KING casino,1KING casino,HU,Tier2,0,0,0,0,0
1KING casino,1KING casino,IN,Tier3,10,0,0,0,10
1KING casino,1KING casino,IT,Tier1,10,0,0,0,10
1KING casino,1KING casino,JP,Tier2,0,0,0,0,0
1KING casino,1KING casino,MX,Tier3,0,0,0,0,0
1KING casino,1KING casino,NL,Tier1,10,10,0,0,20
1KING casino,1KING casino,PL,Tier2,30,10,0,0,40
1KING casino,1KING casino,UZ,Tier3,0,0,-100,0,0
1KING casino,1KINGcasino,AR,Tier3,0,0,0,0,0
1KING casino,1KINGcasino,BR,Tier3,0,0,0,0,0
1KING casino,1KINGcasino,CZ,Tier2,0,0,0,0,0
1KING casino,1KINGcasino,DK,Tier1,0,0,0,0,0
1KING casino,1KINGcasino,ES,Tier1,0,0,0,0,0
1KING casino,1KINGcasino,FR,Tier2,0,0,0,0,0
1KING casino,1KINGcasino,GB,Tier1,0,0,0,0,0
1KING casino,1KINGcasino,HU,Tier2,0,0,0,0,0
1KING casino,1KINGcasino,IN,Tier3,0,0,0,0,0
1KING casino,1KINGcasino,IT,Tier1,0,0,0,0,0
1KING casino,1KINGcasino,JP,Tier2,0,0,0,0,0
1KING casino,1KINGcasino,MX,Tier3,0,0,0,0,0
1KING casino,1KINGcasino,NL,Tier1,0,0,0,0,0
1KING casino,1KINGcasino,PL,Tier2,0,0,0,0,0
1KING casino,1KINGcasino,UZ,Tier3,0,0,0,0,0
1Red Casino,1Red Casino,AR,Tier3,10,20,0,0,30
1Red Casino,1Red Casino,BR,Tier3,10,250,0,0,260
1Red Casino,1Red Casino,CZ,Tier2,10,10,0,0,20
1Red Casino,1Red Casino,DK,Tier1,20,20,-50,0,40
1Red Casino,1Red Casino,ES,Tier1,40,40,0,0,80
1Red Casino,1Red Casino,FR,Tier2,20,80,-78,0,100
1Red Casino,1Red Casino,GB,Tier1,4400,3500,0,0,7900
1Red Casino,1Red Casino,HU,Tier2,10,10,0,0,20
1Red Casino,1Red Casino,IN,Tier3,20,60,100,0,80
1Red Casino,1Red Casino,IT,Tier1,30,40,-40,0,70
1Red Casino,1Red Casino,JP,Tier2,10,10,0,0,20
1Red Casino,1Red Casino,MX,Tier3,10,20,0,0,30
1Red Casino,1Red Casino,NL,Tier1,880,1300,0,1,2180
1Red Casino,1Red Casino,PL,Tier2,50,50,0,0,100
1Red Casino,1Red Casino,UZ,Tier3,0,10,0,0,10
1Red Casino,1RedCasino,AR,Tier3,10,0,0,0,10
1Red Casino,1RedCasino,BR,Tier3,10,10,0,0,20
1Red Casino,1RedCasino,CZ,Tier2,10,0,0,0,10
1Red Casino,1RedCasino,DK,Tier1,20,0,-50,0,20
1Red Casino,1RedCasino,ES,Tier1,40,0,0,0,40
1Red Casino,1RedCasino,FR,Tier2,20,0,-78,0,20
1Red Casino,1RedCasino,GB,Tier1,4400,100,0,0,4500
1Red Casino,1RedCasino,HU,Tier2,10,0,0,0,10
1Red Casino,1RedCasino,IN,Tier3,20,0,100,0,20
1Red Casino,1RedCasino,IT,Tier1,30,0,-40,0,30
1Red Casino,1RedCasino,JP,Tier2,10,0,0,0,10
1Red Casino,1RedCasino,MX,Tier3,10,0,0,0,10
1Red Casino,1RedCasino,NL,Tier1,880,60,0,1,940
1Red Casino,1RedCasino,PL,Tier2,50,0,0,0,50
1Red Casino,1RedCasino,UZ,Tier3,0,0,0,0,0
1Xbet,1X bet,AR,Tier3,368000,500,0,12,368500
1Xbet,1X bet,BR,Tier3,90500,4500,22,10,95000
1Xbet,1X bet,CZ,Tier2,3600,70,-18,4,3670
1Xbet,1X bet,DK,Tier1,1000,20,-23,0,1020
1Xbet,1X bet,ES,Tier1,135000,100,-33,6,135100
1Xbet,1X bet,FR,Tier2,33100,200,0,1,33300
1Xbet,1X bet,GB,Tier1,33100,600,22,1,33700
1Xbet,1X bet,HU,Tier2,1600,30,23,0,1630
1Xbet,1X bet,IN,Tier3,3350000,35000,175,3,3385000
1Xbet,1X bet,IT,Tier1,18100,250,50,0,18350
1Xbet,1X bet,JP,Tier2,27100,350,22,0,27450
1Xbet,1X bet,MX,Tier3,40500,90,0,6,40590
1Xbet,1X bet,NL,Tier1,18100,150,0,0,18250
1Xbet,1X bet,PL,Tier2,8100,90,0,1,8190
1Xbet,1X bet,UZ,Tier3,301000,600,22,6,301600
1Xbet,1X bet casino,AR,Tier3,0,10,0,12,10
1Xbet,1X bet casino,BR,Tier3,0,20,0,10,20
1Xbet,1X bet casino,CZ,Tier2,0,0,0,4,0
1Xbet,1X bet casino,DK,Tier1,0,0,0,0,0
1Xbet,1X bet casino,ES,Tier1,0,0,0,6,0
1Xbet,1X bet casino,FR,Tier2,0,0,0,1,0
1Xbet,1X bet casino,GB,Tier1,0,10,0,1,10
1Xbet,1X bet casino,HU,Tier2,0,0,0,0,0
1Xbet,1X bet casino,IN,Tier3,0,30,0,3,30
1Xbet,1X bet casino,IT,Tier1,0,0,0,0,0
1Xbet,1X bet casino,JP,Tier2,0,0,0,0,0
1Xbet,1X bet casino,MX,Tier3,0,0,0,6,0
1Xbet,1X bet casino,NL,Tier1,0,0,0,0,0
1Xbet,1X bet casino,PL,Tier2,0,0,0,1,0
1Xbet,1X bet casino,UZ,Tier3,0,0,0,6,0
1Xbet,1Xbet,AR,Tier3,0,106000,0,12,106000
1Xbet,1Xbet,BR,Tier3,0,127000,0,10,127000
1Xbet,1Xbet,CZ,Tier2,0,450,0,4,450
1Xbet,1Xbet,DK,Tier1,0,600,0,0,600
1Xbet,1Xbet,ES,Tier1,0,23000,0,6,23000
1Xbet,1Xbet,FR,Tier2,0,16000,0,1,16000
1Xbet,1Xbet,GB,Tier1,0,17000,0,1,17000
1Xbet,1Xbet,HU,Tier2,0,150,0,0,150
1Xbet,1Xbet,IN,Tier3,0,407000,0,3,407000
1Xbet,1Xbet,IT,Tier1,0,5500,0,0,5500
1Xbet,1Xbet,JP,Tier2,0,9900,0,0,9900
1Xbet,1Xbet,MX,Tier3,0,9300,0,6,9300
1Xbet,1Xbet,NL,Tier1,0,3200,0,0,3200
1Xbet,1Xbet,PL,Tier2,0,2600,0,1,2600
1Xbet,1Xbet,UZ,Tier3,0,81000,0,6,81000
1Xbet,1Xbet casino,AR,Tier3,2900,3600,-34,12,6500
1Xbet,1Xbet casino,BR,Tier3,880,1200,49,10,2080
1Xbet,1Xbet casino,CZ,Tier2,30,100,-25,4,130
1Xbet,1Xbet casino,DK,Tier1,10,10,0,0,20
1Xbet,1Xbet casino,ES,Tier1,390,300,86,6,690
1Xbet,1Xbet casino,FR,Tier2,210,150,24,1,360
1Xbet,1Xbet casino,GB,Tier1,1900,800,116,1,2700
1Xbet,1Xbet casino,HU,Tier2,10,20,0,0,30
1Xbet,1Xbet casino,IN,Tier3,720,450,0,3,1170
1Xbet,1Xbet casino,IT,Tier1,170,150,21,0,320
1Xbet,1Xbet casino,JP,Tier2,110,50,57,0,160
1Xbet,1Xbet casino,MX,Tier3,390,500,-34,6,890
1Xbet,1Xbet casino,NL,Tier1,70,100,0,0,170
1Xbet,1Xbet casino,PL,Tier2,140,70,100,1,210
1Xbet,1Xbet casino,UZ,Tier3,90,70,-36,6,160
1bet,1 bet,AR,Tier3,0,250,0,1,250
1bet,1 bet,BR,Tier3,0,300,0,5,300
1bet,1 bet,CZ,Tier2,0,10,0,0,10
1bet,1 bet,DK,Tier1,0,100,0,0,100
1bet,1 bet,ES,Tier1,0,2100,0,1,2100
1bet,1 bet,FR,Tier2,0,40,0,0,40
1bet,1 bet,GB,Tier1,0,100,0,3,100
1bet,1 bet,HU,Tier2,0,250,0,1,250
1bet,1 bet,IN,Tier3,0,400,0,0,400
1bet,1 bet,IT,Tier1,0,450,0,1,450
1bet,1 bet,JP,Tier2,0,10,0,0,10
1bet,1 bet,MX,Tier3,0,50,0,0,50
1bet,1 bet,NL,Tier1,0,20,0,1,20
1bet,1 bet,PL,Tier2,0,30,0,0,30
1bet,1 bet,UZ,Tier3,0,70,0,0,70
1bet,1 bet casino,AR,Tier3,0,20,0,1,20
1bet,1 bet casino,BR,Tier3,0,40,0,5,40
1bet,1 bet casino,CZ,Tier2,0,0,0,0,0
1bet,1 bet casino,DK,Tier1,0,0,0,0,0
1bet,1 bet casino,ES,Tier1,0,0,0,1,0
1bet,1 bet casino,FR,Tier2,0,0,0,0,0
1bet,1 bet casino,GB,Tier1,0,10,0,3,10
1bet,1 bet casino,HU,Tier2,0,10,0,1,10
1bet,1 bet casino,IN,Tier3,0,10,0,0,10
1bet,1 bet casino,IT,Tier1,0,70,0,1,70
1bet,1 bet casino,JP,Tier2,0,0,0,0,0
1bet,1 bet casino,MX,Tier3,0,10,0,0,10
1bet,1 bet casino,NL,Tier1,0,0,0,1,0
1bet,1 bet casino,PL,Tier2,0,0,0,0,0
1bet,1 bet casino,UZ,Tier3,0,0,0,0,0
1bet,1bet,AR,Tier3,3600,3700,-18,1,7300
1bet,1bet,BR,Tier3,6600,7100,-19,5,13700
1bet,1bet,CZ,Tier2,70,80,-50,0,150
1bet,1bet,DK,Tier1,880,1300,0,0,2180
1bet,1bet,ES,Tier1,480,350,23,1,830
1bet,1bet,FR,Tier2,390,250,22,0,640
1bet,1bet,GB,Tier1,390,400,0,3,790
1bet,1bet,HU,Tier2,2900,3700,-34,1,6600
1bet,1bet,IN,Tier3,2400,2800,-33,0,5200
1bet,1bet,IT,Tier1,5400,2700,23,1,8100
1bet,1bet,JP,Tier2,260,150,53,0,410
1bet,1bet,MX,Tier3,720,400,22,0,1120
1bet,1bet,NL,Tier1,140,200,-18,1,340
1bet,1bet,PL,Tier2,170,200,0,0,370
1bet,1bet,UZ,Tier3,880,250,49,0,1130
1bet,1bet casino,AR,Tier3,480,300,0,1,780
1bet,1bet casino,BR,Tier3,320,600,0,5,920
1bet,1bet casino,CZ,Tier2,10,10,-50,0,20
1bet,1bet casino,DK,Tier1,10,100,-80,0,110
1bet,1bet casino,ES,Tier1,30,40,-40,1,70
1bet,1bet casino,FR,Tier2,10,50,-50,0,60
1bet,1bet casino,GB,Tier1,40,100,100,3,140
1bet,1bet casino,HU,Tier2,210,150,91,1,360
1bet,1bet casino,IN,Tier3,40,90,0,0,130
1bet,1bet casino,IT,Tier1,590,150,181,1,740
1bet,1bet casino,JP,Tier2,0,10,-100,0,10
1bet,1bet casino,MX,Tier3,260,150,-19,0,410
1bet,1bet casino,NL,Tier1,20,20,100,1,40
1bet,1bet casino,PL,Tier2,140,60,367,0,200
1bet,1bet casino,UZ,Tier3,10,10,0,0,20
1goldbet casino,1goldbet casino,AR,Tier3,0,0,0,0,0
1goldbet casino,1goldbet casino,BR,Tier3,0,0,0,0,0
1goldbet casino,1goldbet casino,CZ,Tier2,0,0,0,0,0
1goldbet casino,1goldbet casino,DK,Tier1,0,0,0,0,0
1goldbet casino,1goldbet casino,ES,Tier1,0,0,0,0,0
1goldbet casino,1goldbet casino,FR,Tier2,0,0,0,0,0
1goldbet casino,1goldbet casino,GB,Tier1,0,0,0,0,0
1goldbet casino,1goldbet casino,HU,Tier2,0,0,0,0,0
1goldbet casino,1goldbet casino,IN,Tier3,0,0,0,0,0
1goldbet casino,1goldbet casino,IT,Tier1,0,0,0,0,0
1goldbet casino,1goldbet casino,JP,Tier2,0,0,0,0,0
1goldbet casino,1goldbet casino,MX,Tier3,0,0,0,0,0
1goldbet casino,1goldbet casino,NL,Tier1,0,0,0,0,0
1goldbet casino,1goldbet casino,PL,Tier2,0,0,0,0,0
1goldbet casino,1goldbet casino,UZ,Tier3,0,0,0,0,0
1goldbet casino,1goldbetcasino,AR,Tier3,0,0,0,0,0
1goldbet casino,1goldbetcasino,BR,Tier3,0,0,0,0,0
1goldbet casino,1goldbetcasino,CZ,Tier2,0,0,0,0,0
1goldbet casino,1goldbetcasino,DK,Tier1,0,0,0,0,0
1goldbet casino,1goldbetcasino,ES,Tier1,0,0,0,0,0
1goldbet casino,1goldbetcasino,FR,Tier2,0,0,0,0,0
1goldbet casino,1goldbetcasino,GB,Tier1,0,0,0,0,0
1goldbet casino,1goldbetcasino,HU,Tier2,0,0,0,0,0
1goldbet casino,1goldbetcasino,IN,Tier3,0,0,0,0,0
1goldbet casino,1goldbetcasino,IT,Tier1,0,0,0,0,0
1goldbet casino,1goldbetcasino,JP,Tier2,0,0,0,0,0
1goldbet casino,1goldbetcasino,MX,Tier3,0,0,0,0,0
1goldbet casino,1goldbetcasino,NL,Tier1,0,0,0,0,0
1goldbet casino,1goldbetcasino,PL,Tier2,0,0,0,0,0
1goldbet casino,1goldbetcasino,UZ,Tier3,0,0,0,0,0
1good bet,1good bet,AR,Tier3,0,0,0,0,0
1good bet,1good bet,BR,Tier3,10,0,0,0,10
1good bet,1good bet,CZ,Tier2,0,0,0,0,0
1good bet,1good bet,DK,Tier1,0,0,0,0,0
1good bet,1good bet,ES,Tier1,0,0,0,0,0
1good bet,1good bet,FR,Tier2,0,0,0,0,0
1good bet,1good bet,GB,Tier1,0,0,0,0,0
1good bet,1good bet,HU,Tier2,0,0,0,0,0
1good bet,1good bet,IN,Tier3,0,0,-100,0,0
1good bet,1good bet,IT,Tier1,0,0,0,0,0
1good bet,1good bet,JP,Tier2,0,0,0,0,0
1good bet,1good bet,MX,Tier3,0,0,0,0,0
1good bet,1good bet,NL,Tier1,0,0,0,0,0
1good bet,1good bet,PL,Tier2,0,0,-100,0,0
1good bet,1good bet,UZ,Tier3,0,0,0,0,0
1good bet,1good bet casino,AR,Tier3,0,0,0,0,0
1good bet,1good bet casino,BR,Tier3,0,0,0,0,0
1good bet,1good bet casino,CZ,Tier2,0,0,0,0,0
1good bet,1good bet casino,DK,Tier1,0,0,-100,0,0
1good bet,1good bet casino,ES,Tier1,0,0,0,0,0
1good bet,1good bet casino,FR,Tier2,0,0,0,0,0
1good bet,1good bet casino,GB,Tier1,10,0,0,0,10
1good bet,1good bet casino,HU,Tier2,0,0,0,0,0
1good bet,1good bet casino,IN,Tier3,0,0,0,0,0
1good bet,1good bet casino,IT,Tier1,0,0,0,0,0
1good bet,1good bet casino,JP,Tier2,0,0,0,0,0
1good bet,1good bet casino,MX,Tier3,0,0,0,0,0
1good bet,1good bet casino,NL,Tier1,0,0,0,0,0
1good bet,1good bet casino,PL,Tier2,0,0,0,0,0
1good bet,1good bet casino,UZ,Tier3,0,0,0,0,0
1good bet,1goodbet,AR,Tier3,0,0,-100,0,0
1good bet,1goodbet,BR,Tier3,10,10,0,0,20
1good bet,1goodbet,CZ,Tier2,10,0,0,0,10
1good bet,1goodbet,DK,Tier1,0,0,0,0,0
1good bet,1goodbet,ES,Tier1,0,0,0,0,0
1good bet,1goodbet,FR,Tier2,0,0,0,0,0
1good bet,1goodbet,GB,Tier1,10,0,0,0,10
1good bet,1goodbet,HU,Tier2,0,0,0,0,0
1good bet,1goodbet,IN,Tier3,0,0,-100,0,0
1good bet,1goodbet,IT,Tier1,10,0,0,0,10
1good bet,1goodbet,JP,Tier2,0,0,0,0,0
1good bet,1goodbet,MX,Tier3,10,0,0,0,10
1good bet,1goodbet,NL,Tier1,10,0,0,0,10
1good bet,1goodbet,PL,Tier2,10,0,0,0,10
1good bet,1goodbet,UZ,Tier3,0,0,0,0,0
1good bet,1goodbet casino,AR,Tier3,0,0,0,0,0
1good bet,1goodbet casino,BR,Tier3,10,0,0,0,10
1good bet,1goodbet casino,CZ,Tier2,10,0,0,0,10
1good bet,1goodbet casino,DK,Tier1,0,0,0,0,0
1good bet,1goodbet casino,ES,Tier1,0,0,0,0,0
1good bet,1goodbet casino,FR,Tier2,0,0,0,0,0
1good bet,1goodbet casino,GB,Tier1,0,0,0,0,0
1good bet,1goodbet casino,HU,Tier2,0,0,0,0,0
1good bet,1goodbet casino,IN,Tier3,0,0,0,0,0
1good bet,1goodbet casino,IT,Tier1,0,0,0,0,0
1good bet,1goodbet casino,JP,Tier2,0,0,0,0,0
1good bet,1goodbet casino,MX,Tier3,0,0,0,0,0
1good bet,1goodbet casino,NL,Tier1,0,0,0,0,0
1good bet,1goodbet casino,PL,Tier2,0,0,0,0,0
1good bet,1goodbet casino,UZ,Tier3,0,0,0,0,0
1win,1 win,AR,Tier3,301000,9900,0,9,310900
1win,1 win,BR,Tier3,301000,13000,0,9,314000
1win,1 win,CZ,Tier2,3600,500,-18,1,4100
1win,1 win,DK,Tier1,720,80,-18,0,800
1win,1 win,ES,Tier1,8100,900,-18,10,9000
1win,1 win,FR,Tier2,9900,600,-18,34,10500
1win,1 win,GB,Tier1,9900,1700,-18,37,11600
1win,1 win,HU,Tier2,1000,100,-23,0,1100
1win,1 win,IN,Tier3,673000,65000,-18,0,738000
1win,1 win,IT,Tier1,5400,600,-33,2,6000
1win,1 win,JP,Tier2,3600,30,-18,8,3630
1win,1 win,MX,Tier3,49500,450,0,1,49950
1win,1 win,NL,Tier1,12100,800,0,0,12900
1win,1 win,PL,Tier2,9900,500,0,2,10400
1win,1 win,UZ,Tier3,110000,4700,-19,7,114700
1win,1 win casino,AR,Tier3,40500,150,49,9,40650
1win,1 win casino,BR,Tier3,4400,300,0,9,4700
1win,1 win casino,CZ,Tier2,390,30,129,1,420
1win,1 win casino,DK,Tier1,170,10,750,0,180
1win,1 win casino,ES,Tier1,320,50,23,10,370
1win,1 win casino,FR,Tier2,590,60,84,34,650
1win,1 win casino,GB,Tier1,1000,200,39,37,1200
1win,1 win casino,HU,Tier2,210,10,200,0,220
1win,1 win casino,IN,Tier3,5400,200,184,0,5600
1win,1 win casino,IT,Tier1,390,60,22,2,450
1win,1 win casino,JP,Tier2,140,30,56,8,170
1win,1 win casino,MX,Tier3,3600,150,89,1,3750
1win,1 win casino,NL,Tier1,590,30,127,0,620
1win,1 win casino,PL,Tier2,880,40,83,2,920
1win,1 win casino,UZ,Tier3,1300,150,30,7,1450
1win,1win,AR,Tier3,0,139000,0,9,139000
1win,1win,BR,Tier3,0,154000,0,9,154000
1win,1win,CZ,Tier2,0,2500,0,1,2500
1win,1win,DK,Tier1,0,800,0,0,800
1win,1win,ES,Tier1,0,6600,0,10,6600
1win,1win,FR,Tier2,0,5200,0,34,5200
1win,1win,GB,Tier1,0,8900,0,37,8900
1win,1win,HU,Tier2,0,450,0,0,450
1win,1win,IN,Tier3,0,359000,0,0,359000
1win,1win,IT,Tier1,0,6900,0,2,6900
1win,1win,JP,Tier2,0,1200,0,8,1200
1win,1win,MX,Tier3,0,25000,0,1,25000
1win,1win,NL,Tier1,0,4000,0,0,4000
1win,1win,PL,Tier2,0,3600,0,2,3600
1win,1win,UZ,Tier3,0,23000,0,7,23000
1win,1win casino,AR,Tier3,0,15000,0,9,15000
1win,1win casino,BR,Tier3,0,6000,0,9,6000
1win,1win casino,CZ,Tier2,0,600,0,1,600
1win,1win casino,DK,Tier1,0,50,0,0,50
1win,1win casino,ES,Tier1,0,400,0,10,400
1win,1win casino,FR,Tier2,0,300,0,34,300
1win,1win casino,GB,Tier1,0,150,0,37,150
1win,1win casino,HU,Tier2,0,100,0,0,100
1win,1win casino,IN,Tier3,0,2200,0,0,2200
1win,1win casino,IT,Tier1,0,400,0,2,400
1win,1win casino,JP,Tier2,0,150,0,8,150
1win,1win casino,MX,Tier3,0,2000,0,1,2000
1win,1win casino,NL,Tier1,0,600,0,0,600
1win,1win casino,PL,Tier2,0,250,0,2,250
1win,1win casino,UZ,Tier3,0,600,0,7,600
1xCasino,1x Casino,AR,Tier3,390,1000,-46,0,1390
1xCasino,1x Casino,BR,Tier3,880,400,0,0,1280
1xCasino,1x Casino,CZ,Tier2,10,10,0,0,20
1xCasino,1x Casino,DK,Tier1,0,0,0,0,0
1xCasino,1x Casino,ES,Tier1,40500,13000,-33,0,53500
1xCasino,1x Casino,FR,Tier2,20,40,100,0,60
1xCasino,1x Casino,GB,Tier1,10,50,0,0,60
1xCasino,1x Casino,HU,Tier2,10,10,-50,0,20
1xCasino,1x Casino,IN,Tier3,210,200,50,0,410
1xCasino,1x Casino,IT,Tier1,20,20,100,0,40
1xCasino,1x Casino,JP,Tier2,10,10,0,0,20
1xCasino,1x Casino,MX,Tier3,40,30,33,0,70
1xCasino,1x Casino,NL,Tier1,20,20,100,0,40
1xCasino,1x Casino,PL,Tier2,50,50,400,0,100
1xCasino,1x Casino,UZ,Tier3,210,250,50,0,460
1xCasino,1xCasino,AR,Tier3,4400,4100,-19,0,8500
1xCasino,1xCasino,BR,Tier3,1000,600,-38,0,1600
1xCasino,1xCasino,CZ,Tier2,50,40,67,0,90
1xCasino,1xCasino,DK,Tier1,10,0,0,0,10
1xCasino,1xCasino,ES,Tier1,140,50,-33,0,190
1xCasino,1xCasino,FR,Tier2,320,60,-46,0,380
1xCasino,1xCasino,GB,Tier1,4400,150,-33,0,4550
1xCasino,1xCasino,HU,Tier2,10,30,-91,0,40
1xCasino,1xCasino,IN,Tier3,590,700,-55,0,1290
1xCasino,1xCasino,IT,Tier1,170,40,-81,0,210
1xCasino,1xCasino,JP,Tier2,110,60,-21,0,170
1xCasino,1xCasino,MX,Tier3,170,100,-19,0,270
1xCasino,1xCasino,NL,Tier1,90,100,29,0,190
1xCasino,1xCasino,PL,Tier2,480,80,0,0,560
1xCasino,1xCasino,UZ,Tier3,1900,1800,0,0,3700
1xSlots,1x Slots,AR,Tier3,170,150,-35,4,320
1xSlots,1x Slots,BR,Tier3,90,150,80,0,240
1xSlots,1x Slots,CZ,Tier2,10,0,0,0,10
1xSlots,1x Slots,DK,Tier1,0,0,-100,0,0
1xSlots,1x Slots,ES,Tier1,10,20,0,0,30
1xSlots,1x Slots,FR,Tier2,10,10,0,0,20
1xSlots,1x Slots,GB,Tier1,10,60,0,2,70
1xSlots,1x Slots,HU,Tier2,90,70,-47,0,160
1xSlots,1x Slots,IN,Tier3,140,60,180,0,200
1xSlots,1x Slots,IT,Tier1,10,10,0,0,20
1xSlots,1x Slots,JP,Tier2,0,0,0,0,0
1xSlots,1x Slots,MX,Tier3,10,40,-67,0,50
1xSlots,1x Slots,NL,Tier1,10,20,0,0,30
1xSlots,1x Slots,PL,Tier2,10,20,0,0,30
1xSlots,1x Slots,UZ,Tier3,40,40,100,0,80
1xSlots,1x Slots casino,AR,Tier3,20,40,-71,4,60
1xSlots,1x Slots casino,BR,Tier3,30,60,200,0,90
1xSlots,1x Slots casino,CZ,Tier2,0,0,0,0,0
1xSlots,1x Slots casino,DK,Tier1,0,0,0,0,0
1xSlots,1x Slots casino,ES,Tier1,0,0,0,0,0
1xSlots,1x Slots casino,FR,Tier2,10,10,0,0,20
1xSlots,1x Slots casino,GB,Tier1,0,20,-100,2,20
1xSlots,1x Slots casino,HU,Tier2,10,0,0,0,10
1xSlots,1x Slots casino,IN,Tier3,40,40,33,0,80
1xSlots,1x Slots casino,IT,Tier1,0,0,0,0,0
1xSlots,1x Slots casino,JP,Tier2,0,0,0,0,0
1xSlots,1x Slots casino,MX,Tier3,0,0,-100,0,0
1xSlots,1x Slots casino,NL,Tier1,0,10,0,0,10
1xSlots,1x Slots casino,PL,Tier2,0,0,0,0,0
1xSlots,1x Slots casino,UZ,Tier3,10,10,0,0,20
1xSlots,1xSlots,AR,Tier3,40500,31000,-33,4,71500
1xSlots,1xSlots,BR,Tier3,1000,1100,0,0,2100
1xSlots,1xSlots,CZ,Tier2,50,150,-44,0,200
1xSlots,1xSlots,DK,Tier1,10,20,-50,0,30
1xSlots,1xSlots,ES,Tier1,90,100,0,0,190
1xSlots,1xSlots,FR,Tier2,50,80,-29,0,130
1xSlots,1xSlots,GB,Tier1,70,90,-36,2,160
1xSlots,1xSlots,HU,Tier2,1300,350,-70,0,1650
1xSlots,1xSlots,IN,Tier3,480,400,0,0,880
1xSlots,1xSlots,IT,Tier1,70,80,0,0,150
1xSlots,1xSlots,JP,Tier2,40,150,-43,0,190
1xSlots,1xSlots,MX,Tier3,4400,400,0,0,4800
1xSlots,1xSlots,NL,Tier1,170,150,-19,0,320
1xSlots,1xSlots,PL,Tier2,170,200,-19,0,370
1xSlots,1xSlots,UZ,Tier3,480,600,-19,0,1080
1xSlots,1xSlots casino,AR,Tier3,3600,2200,-33,4,5800
1xSlots,1xSlots casino,BR,Tier3,110,300,0,0,410
1xSlots,1xSlots casino,CZ,Tier2,10,80,0,0,90
1xSlots,1xSlots casino,DK,Tier1,0,0,0,0,0
1xSlots,1xSlots casino,ES,Tier1,30,30,200,0,60
1xSlots,1xSlots casino,FR,Tier2,10,30,0,0,40
1xSlots,1xSlots casino,GB,Tier1,50,200,400,2,250
1xSlots,1xSlots casino,HU,Tier2,210,10,-46,0,220
1xSlots,1xSlots casino,IN,Tier3,50,150,0,0,200
1xSlots,1xSlots casino,IT,Tier1,20,30,100,0,50
1xSlots,1xSlots casino,JP,Tier2,10,10,0,0,20
1xSlots,1xSlots casino,MX,Tier3,480,70,-19,0,550
1xSlots,1xSlots casino,NL,Tier1,10,30,0,0,40
1xSlots,1xSlots casino,PL,Tier2,20,20,100,0,40
1xSlots,1xSlots casino,UZ,Tier3,70,70,75,0,140
1xbit,1 xbit,AR,Tier3,0,0,0,0,0
1xbit,1 xbit,BR,Tier3,0,10,0,0,10
1xbit,1 xbit,CZ,Tier2,0,0,0,0,0
1xbit,1 xbit,DK,Tier1,0,0,0,0,0
1xbit,1 xbit,ES,Tier1,0,0,0,0,0
1xbit,1 xbit,FR,Tier2,0,0,0,0,0
1xbit,1 xbit,GB,Tier1,0,0,0,0,0
1xbit,1 xbit,HU,Tier2,0,0,0,0,0
1xbit,1 xbit,IN,Tier3,0,10,0,0,10
1xbit,1 xbit,IT,Tier1,0,0,0,0,0
1xbit,1 xbit,JP,Tier2,0,0,0,0,0
1xbit,1 xbit,MX,Tier3,0,0,0,0,0
1xbit,1 xbit,NL,Tier1,0,0,0,0,0
1xbit,1 xbit,PL,Tier2,0,0,0,0,0
1xbit,1 xbit,UZ,Tier3,0,0,0,0,0
1xbit,1 xbit casino,AR,Tier3,0,0,0,0,0
1xbit,1 xbit casino,BR,Tier3,0,0,0,0,0
1xbit,1 xbit casino,CZ,Tier2,0,0,0,0,0
1xbit,1 xbit casino,DK,Tier1,0,0,0,0,0
1xbit,1 xbit casino,ES,Tier1,0,0,0,0,0
1xbit,1 xbit casino,FR,Tier2,0,0,0,0,0
1xbit,1 xbit casino,GB,Tier1,0,0,0,0,0
1xbit,1 xbit casino,HU,Tier2,0,0,0,0,0
1xbit,1 xbit casino,IN,Tier3,0,0,0,0,0
1xbit,1 xbit casino,IT,Tier1,0,0,0,0,0
1xbit,1 xbit casino,JP,Tier2,0,0,0,0,0
1xbit,1 xbit casino,MX,Tier3,0,0,0,0,0
1xbit,1 xbit casino,NL,Tier1,0,0,0,0,0
1xbit,1 xbit casino,PL,Tier2,0,0,0,0,0
1xbit,1 xbit casino,UZ,Tier3,0,0,0,0,0
1xbit,1xbit,AR,Tier3,590,200,-55,0,790
1xbit,1xbit,BR,Tier3,1000,400,0,0,1400
1xbit,1xbit,CZ,Tier2,140,30,0,0,170
1xbit,1xbit,DK,Tier1,20,20,-60,0,40
1xbit,1xbit,ES,Tier1,480,450,23,0,930
1xbit,1xbit,FR,Tier2,320,300,-56,0,620
1xbit,1xbit,GB,Tier1,480,300,-45,0,780
1xbit,1xbit,HU,Tier2,110,60,-58,0,170
1xbit,1xbit,IN,Tier3,2400,1300,-17,0,3700
1xbit,1xbit,IT,Tier1,480,350,-19,0,830
1xbit,1xbit,JP,Tier2,210,500,-19,0,710
1xbit,1xbit,MX,Tier3,320,90,-33,0,410
1xbit,1xbit,NL,Tier1,260,80,24,0,340
1xbit,1xbit,PL,Tier2,210,150,-34,0,360
1xbit,1xbit,UZ,Tier3,170,80,89,0,250
1xbit,1xbit casino,AR,Tier3,20,10,0,0,30
1xbit,1xbit casino,BR,Tier3,10,60,0,0,70
1xbit,1xbit casino,CZ,Tier2,10,10,0,0,20
1xbit,1xbit casino,DK,Tier1,0,0,0,0,0
1xbit,1xbit casino,ES,Tier1,10,10,0,0,20
1xbit,1xbit casino,FR,Tier2,10,30,-50,0,40
1xbit,1xbit casino,GB,Tier1,10,30,0,0,40
1xbit,1xbit casino,HU,Tier2,10,10,0,0,20
1xbit,1xbit casino,IN,Tier3,20,40,-33,0,60
1xbit,1xbit casino,IT,Tier1,10,10,0,0,20
1xbit,1xbit casino,JP,Tier2,10,10,0,0,20
1xbit,1xbit casino,MX,Tier3,10,10,0,0,20
1xbit,1xbit casino,NL,Tier1,10,10,0,0,20
1xbit,1xbit casino,PL,Tier2,30,60,-57,0,90
1xbit,1xbit casino,UZ,Tier3,10,0,0,0,10
